<?xml version="1.0" encoding="UTF-8"?>
<CONSTAT_AXA>
  <Date Date="20/06/2013"/>
  <Heure Heure="13h"/>
  <Pays Pays="France"/>
  <Lieu Lieu="rue de la porte verte"/>
  <Blesses Is_Blesses="no"/>
  <Degats>
    <Degats_voitures Is_Degats_sur_Voitures="no"/>
    <Degats_objets Is_Degats_sur_Objets="no"/>
  </Degats>
  <Circonstances>
    <Circonstance_Voiture_A numero_cases_cochees="8"/>
    <Circonstance_Voiture_B numero_cases_cochees=""/>
  </Circonstances>
  <Zones_de_choc>
    <voiture_A zone="avant milieu"/>
    <voiture_B zone="arriere milieu"/>
  </Zones_de_choc>
  <rectangles>
    <Rectangle legende="un" w="0.0152161" x="0.0578211" y="0.0492424" h="0.0094697"/>
    <Rectangle legende="date" w="0.164334" x="0.0578211" y="0.0492424" h="0.0284091"/>
    <Rectangle legende="heure" w="0.0669507" x="0.225198" y="0.0473485" h="0.0284091"/>
    <Rectangle legende="deux" w="0.017042" x="0.2958" y="0.0492424" h="0.0104167"/>
    <Rectangle legende="localisation" w="0.209982" x="0.2958" y="0.0492424" h="0.0265152"/>
    <Rectangle legende="lieu" w="0.309191" x="0.509434" y="0.0388258" h="0.0397727"/>
    <Rectangle legende="trois" w="0.0152161" x="0.819233" y="0.0482955" h="0.0094697"/>
    <Rectangle legende="blesses" w="0.176506" x="0.821059" y="0.0482955" h="0.0284091"/>
    <Rectangle legende="quatre" w="0.0146074" x="0.059647" y="0.0833333" h="0.0113636"/>
    <Rectangle legende="blessesV" w="0.185027" x="0.0590383" y="0.0842803" h="0.0426136"/>
    <Rectangle legende="blessesO" w="0.192331" x="0.2465" y="0.0842803" h="0.0416667"/>
    <Rectangle legende="c1" w="0.017042" x="0.395009" y="0.188447" h="0.0113636"/>
    <Rectangle legende="c2" w="0.017042" x="0.395009" y="0.214962" h="0.0142045"/>
    <Rectangle legende="c3" w="0.0194766" x="0.395009" y="0.239583" h="0.0123106"/>
    <Rectangle legende="c4" w="0.0194766" x="0.395009" y="0.264205" h="0.0123106"/>
    <Rectangle legende="c5" w="0.0194766" x="0.395009" y="0.301136" h="0.0123106"/>
    <Rectangle legende="c6" w="0.0194766" x="0.395009" y="0.325758" h="0.0123106"/>
    <Rectangle legende="c7" w="0.0194766" x="0.395009" y="0.350379" h="0.0123106"/>
    <Rectangle legende="c8" w="0.0206939" x="0.395009" y="0.369318" h="0.0132576"/>
    <Rectangle legende="c9" w="0.0188679" x="0.396226" y="0.392045" h="0.0151515"/>
    <Rectangle legende="c10" w="0.0164334" x="0.396226" y="0.41572" h="0.0132576"/>
    <Rectangle legende="c11" w="0.017042" x="0.396226" y="0.442235" h="0.00852273"/>
    <Rectangle legende="c12" w="0.0194766" x="0.396226" y="0.463068" h="0.0123106"/>
    <Rectangle legende="c13" w="0.0182593" x="0.395009" y="0.485795" h="0.0160985"/>
    <Rectangle legende="c14" w="0.0176506" x="0.396226" y="0.506629" h="0.0179924"/>
    <Rectangle legende="c15" w="0.017042" x="0.396835" y="0.533144" h="0.0123106"/>
    <Rectangle legende="c16" w="0.0213025" x="0.395009" y="0.554924" h="0.0132576"/>
    <Rectangle legende="c17" w="0.0194766" x="0.396226" y="0.577652" h="0.0132576"/>
    <Rectangle legende="c18" w="0.0200852" x="0.64577" y="0.186553" h="0.0132576"/>
    <Rectangle legende="c19" w="0.0200852" x="0.64577" y="0.213068" h="0.0132576"/>
    <Rectangle legende="c20" w="0.0200852" x="0.64577" y="0.239583" h="0.0132576"/>
    <Rectangle legende="c21" w="0.0200852" x="0.64577" y="0.266098" h="0.0132576"/>
    <Rectangle legende="c22" w="0.0200852" x="0.64577" y="0.301136" h="0.0132576"/>
    <Rectangle legende="c23" w="0.0200852" x="0.64577" y="0.323864" h="0.0132576"/>
    <Rectangle legende="c24" w="0.0200852" x="0.64577" y="0.345644" h="0.0132576"/>
    <Rectangle legende="c25" w="0.0200852" x="0.64577" y="0.372159" h="0.0132576"/>
    <Rectangle legende="c26" w="0.0200852" x="0.64577" y="0.391098" h="0.0132576"/>
    <Rectangle legende="c27" w="0.0200852" x="0.64577" y="0.418561" h="0.0132576"/>
    <Rectangle legende="c28" w="0.0200852" x="0.64577" y="0.440341" h="0.0132576"/>
    <Rectangle legende="c29" w="0.0200852" x="0.64577" y="0.465909" h="0.0132576"/>
    <Rectangle legende="c30" w="0.0200852" x="0.64577" y="0.488636" h="0.0132576"/>
    <Rectangle legende="c31" w="0.0200852" x="0.64577" y="0.510417" h="0.0132576"/>
    <Rectangle legende="c32" w="0.0200852" x="0.64577" y="0.533144" h="0.0132576"/>
    <Rectangle legende="c33" w="0.0200852" x="0.64577" y="0.555871" h="0.0132576"/>
    <Rectangle legende="c34" w="0.0200852" x="0.64577" y="0.577652" h="0.0132576"/>
    <Rectangle legende="dix" w="0.0158247" x="0.0608643" y="0.699811" h="0.0132576"/>
    <Rectangle legende="onze" w="0.017042" x="0.833232" y="0.699811" h="0.0123106"/>
    <Rectangle legende="zoneA" w="0.169203" x="0.0608643" y="0.699811" h="0.124053"/>
    <Rectangle legende="zoneB" w="0.17042" x="0.833232" y="0.699811" h="0.123106"/>
  </rectangles>
</CONSTAT_AXA>
