<?xml version="1.0" encoding="UTF-8"?>
<CONSTAT_AXA>
  <Date Date="02/10/2013"/>
  <Heure Heure="10h"/>
  <Pays Pays="France"/>
  <Lieu Lieu="puy guillaume&#x9;"/>
  <Blesses Is_Blesses="no"/>
  <Degats>
    <Degats_voitures Is_Degats_sur_Voitures="no"/>
    <Degats_objets Is_Degats_sur_Objets="no"/>
  </Degats>
  <Circonstances>
    <Circonstance_Voiture_A numero_cases_cochees="4;14"/>
    <Circonstance_Voiture_B numero_cases_cochees="1"/>
  </Circonstances>
  <Zones_de_choc>
    <voiture_A zone="arrière droit"/>
    <voiture_B zone="arrière gauche"/>
  </Zones_de_choc>
  <rectangles>
    <Rectangle w="0.0164334" legende="un" x="0.0231284" y="0.0520833" h="0.0094697"/>
    <Rectangle w="0.159464" legende="date" x="0.0225198" y="0.0530303" h="0.030303"/>
    <Rectangle w="0.0675593" legende="heure" x="0.185027" y="0.0539773" h="0.0293561"/>
    <Rectangle w="0.0139988" legende="deux" x="0.25989" y="0.0511364" h="0.0123106"/>
    <Rectangle w="0.108338" legende="localisation" x="0.259282" y="0.0520833" h="0.0293561"/>
    <Rectangle w="0.195374" legende="lieu" x="0.370663" y="0.0539773" h="0.030303"/>
    <Rectangle w="0.0146074" legende="trois" x="0.573341" y="0.0511364" h="0.0104167"/>
    <Rectangle w="0.153987" legende="blesses" x="0.573341" y="0.0511364" h="0.0274621"/>
    <Rectangle w="0.0176506" legende="quatre" x="0.0225198" y="0.0842803" h="0.0104167"/>
    <Rectangle w="0.150335" legende="blessesV" x="0.0225198" y="0.0852273" h="0.0501894"/>
    <Rectangle w="0.15703" legende="blessesO" x="0.175289" y="0.0852273" h="0.0492424"/>
    <Rectangle w="0.0146074" legende="c1" x="0.36762" y="0.190341" h="0.0113636"/>
    <Rectangle w="0.0139988" legende="c2" x="0.367012" y="0.20928" h="0.0123106"/>
    <Rectangle w="0.0158247" legende="c3" x="0.36762" y="0.237689" h="0.0113636"/>
    <Rectangle w="0.0152161" legende="c4" x="0.367012" y="0.258523" h="0.0104167"/>
    <Rectangle w="0.0158247" legende="c5" x="0.36762" y="0.286932" h="0.0113636"/>
    <Rectangle w="0.0146074" legende="c6" x="0.36762" y="0.317235" h="0.0132576"/>
    <Rectangle w="0.0146074" legende="c7" x="0.36762" y="0.348485" h="0.0113636"/>
    <Rectangle w="0.0146074" legende="c8" x="0.36762" y="0.375947" h="0.0142045"/>
    <Rectangle w="0.0152161" legende="c9" x="0.36762" y="0.418561" h="0.0094697"/>
    <Rectangle w="0.0158247" legende="c10" x="0.367012" y="0.446023" h="0.00852273"/>
    <Rectangle w="0.0146074" legende="c11" x="0.368229" y="0.465909" h="0.0113636"/>
    <Rectangle w="0.0146074" legende="c12" x="0.368229" y="0.486742" h="0.0104167"/>
    <Rectangle w="0.0139988" legende="c13" x="0.368229" y="0.506629" h="0.0094697"/>
    <Rectangle w="0.0164334" legende="c14" x="0.367012" y="0.526515" h="0.00852273"/>
    <Rectangle w="0.0139988" legende="c15" x="0.368838" y="0.545455" h="0.0104167"/>
    <Rectangle w="0.0146074" legende="c16" x="0.368229" y="0.586174" h="0.0104167"/>
    <Rectangle w="0.0133901" legende="c17" x="0.368229" y="0.61553" h="0.00662879"/>
    <Rectangle w="0.017042" legende="c18" x="0.614729" y="0.188447" h="0.0123106"/>
    <Rectangle w="0.0127815" legende="c19" x="0.615946" y="0.207386" h="0.0123106"/>
    <Rectangle w="0.0152161" legende="c20" x="0.615338" y="0.238636" h="0.0123106"/>
    <Rectangle w="0.0152161" legende="c21" x="0.615338" y="0.260417" h="0.0104167"/>
    <Rectangle w="0.0146074" legende="c22" x="0.615946" y="0.288826" h="0.0123106"/>
    <Rectangle w="0.0152161" legende="c23" x="0.615946" y="0.317235" h="0.0113636"/>
    <Rectangle w="0.0158247" legende="c24" x="0.615338" y="0.348485" h="0.0113636"/>
    <Rectangle w="0.0158247" legende="c25" x="0.615338" y="0.377841" h="0.0104167"/>
    <Rectangle w="0.0164334" legende="c26" x="0.615338" y="0.416667" h="0.0113636"/>
    <Rectangle w="0.0146074" legende="c27" x="0.615946" y="0.446023" h="0.0132576"/>
    <Rectangle w="0.0158247" legende="c28" x="0.615946" y="0.466856" h="0.0104167"/>
    <Rectangle w="0.0152161" legende="c29" x="0.615946" y="0.485795" h="0.0104167"/>
    <Rectangle w="0.0158247" legende="c30" x="0.615338" y="0.506629" h="0.0094697"/>
    <Rectangle w="0.0146074" legende="c31" x="0.615946" y="0.526515" h="0.0094697"/>
    <Rectangle w="0.0158247" legende="c32" x="0.615338" y="0.547348" h="0.00852273"/>
    <Rectangle w="0.017042" legende="c33" x="0.614729" y="0.585227" h="0.0094697"/>
    <Rectangle w="0.0152161" legende="c34" x="0.615338" y="0.614583" h="0.0104167"/>
    <Rectangle w="0.0164334" legende="dix" x="0.0237371" y="0.717803" h="0.0113636"/>
    <Rectangle w="0.0152161" legende="onze" x="0.800365" y="0.715909" h="0.0132576"/>
    <Rectangle w="0.172855" legende="zoneA" x="0.0243457" y="0.716856" h="0.126894"/>
    <Rectangle w="0.177115" legende="zoneB" x="0.801582" y="0.716856" h="0.126894"/>
  </rectangles>
</CONSTAT_AXA>
