<?xml version="1.0" encoding="UTF-8"?>
<CONSTAT_AXA>
  <Date Date="01/06/2013"/>
  <Heure Heure="21h30"/>
  <Pays Pays="France"/>
  <Lieu Lieu="Frontignan plage"/>
  <Blesses Is_Blesses="no"/>
  <Degats>
    <Degats_voitures Is_Degats_sur_Voitures="yes"/>
    <Degats_objets Is_Degats_sur_Objets="no"/>
  </Degats>
  <Circonstances>
    <Circonstance_Voiture_A numero_cases_cochees=""/>
    <Circonstance_Voiture_B numero_cases_cochees="1"/>
  </Circonstances>
  <Zones_de_choc>
    <voiture_A zone="avant droit"/>
    <voiture_B zone="côté droit et arrière"/>
  </Zones_de_choc>
  <rectangles>
    <Rectangle w="0.0174419" x="0.0174419" y="0.0531469" h="0.0153846" legende="un"/>
    <Rectangle w="0.170266" x="0.0157807" y="0.0517483" h="0.0335664" legende="date"/>
    <Rectangle w="0.0656146" x="0.186877" y="0.0517483" h="0.0321678" legende="heure"/>
    <Rectangle w="0.0174419" x="0.259136" y="0.0545455" h="0.013986" legende="deux"/>
    <Rectangle w="0.116279" x="0.258306" y="0.0517483" h="0.0335664" legende="localisation"/>
    <Rectangle w="0.196013" x="0.375415" y="0.0531469" h="0.0307692" legende="lieu"/>
    <Rectangle w="0.0199336" x="0.583056" y="0.0531469" h="0.0153846" legende="trois"/>
    <Rectangle w="0.158638" x="0.583056" y="0.0531469" h="0.0293706" legende="blesses"/>
    <Rectangle w="0.0207641" x="0.0149502" y="0.0853147" h="0.0167832" legende="quatre"/>
    <Rectangle w="0.157807" x="0.0149502" y="0.0853147" h="0.0503496" legende="blessesV"/>
    <Rectangle w="0.171927" x="0.173588" y="0.0881119" h="0.0461538" legende="blessesO"/>
    <Rectangle w="0.0157807" x="0.371262" y="0.202797" h="0.0111888" legende="c1"/>
    <Rectangle w="0.0149502" x="0.371262" y="0.218182" h="0.0111888" legende="c2"/>
    <Rectangle w="0.0141196" x="0.371262" y="0.246154" h="0.0125874" legende="c3"/>
    <Rectangle w="0.0157807" x="0.370432" y="0.267133" h="0.013986" legende="c4"/>
    <Rectangle w="0.0157807" x="0.370432" y="0.295105" h="0.0125874" legende="c5"/>
    <Rectangle w="0.0149502" x="0.371262" y="0.323077" h="0.0125874" legende="c6"/>
    <Rectangle w="0.0149502" x="0.371262" y="0.351049" h="0.0125874" legende="c7"/>
    <Rectangle w="0.0149502" x="0.370432" y="0.381818" h="0.0111888" legende="c8"/>
    <Rectangle w="0.0166113" x="0.370432" y="0.418182" h="0.0111888" legende="c9"/>
    <Rectangle w="0.0166113" x="0.370432" y="0.447552" h="0.0111888" legende="c10"/>
    <Rectangle w="0.0149502" x="0.371262" y="0.467133" h="0.0111888" legende="c11"/>
    <Rectangle w="0.0157807" x="0.371262" y="0.486713" h="0.00979021" legende="c12"/>
    <Rectangle w="0.0157807" x="0.371262" y="0.506294" h="0.00979021" legende="c13"/>
    <Rectangle w="0.0157807" x="0.370432" y="0.524476" h="0.0111888" legende="c14"/>
    <Rectangle w="0.0157807" x="0.370432" y="0.545455" h="0.00979021" legende="c15"/>
    <Rectangle w="0.0157807" x="0.371262" y="0.581818" h="0.013986" legende="c16"/>
    <Rectangle w="0.0141196" x="0.372093" y="0.612587" h="0.0111888" legende="c17"/>
    <Rectangle w="0.0124585" x="0.61711" y="0.202797" h="0.0125874" legende="c18"/>
    <Rectangle w="0.0141196" x="0.616279" y="0.216783" h="0.0111888" legende="c19"/>
    <Rectangle w="0.013289" x="0.61794" y="0.243357" h="0.013986" legende="c20"/>
    <Rectangle w="0.0141196" x="0.61711" y="0.264336" h="0.0125874" legende="c21"/>
    <Rectangle w="0.0149502" x="0.615449" y="0.292308" h="0.013986" legende="c22"/>
    <Rectangle w="0.0149502" x="0.616279" y="0.321678" h="0.0125874" legende="c23"/>
    <Rectangle w="0.0157807" x="0.614618" y="0.352448" h="0.0111888" legende="c24"/>
    <Rectangle w="0.0166113" x="0.614618" y="0.38042" h="0.013986" legende="c25"/>
    <Rectangle w="0.0149502" x="0.616279" y="0.415385" h="0.0125874" legende="c26"/>
    <Rectangle w="0.0141196" x="0.616279" y="0.446154" h="0.0111888" legende="c27"/>
    <Rectangle w="0.0149502" x="0.615449" y="0.467133" h="0.0111888" legende="c28"/>
    <Rectangle w="0.0149502" x="0.615449" y="0.486713" h="0.0111888" legende="c29"/>
    <Rectangle w="0.0141196" x="0.616279" y="0.506294" h="0.0111888" legende="c30"/>
    <Rectangle w="0.0157807" x="0.615449" y="0.525874" h="0.0125874" legende="c31"/>
    <Rectangle w="0.0149502" x="0.616279" y="0.545455" h="0.0111888" legende="c32"/>
    <Rectangle w="0.0141196" x="0.61711" y="0.58042" h="0.013986" legende="c33"/>
    <Rectangle w="0.0149502" x="0.61711" y="0.60979" h="0.0125874" legende="c34"/>
    <Rectangle w="0.019103" x="0.0157807" y="0.727273" h="0.0167832" legende="dix"/>
    <Rectangle w="0.0215947" x="0.803156" y="0.724476" h="0.0195804" legende="onze"/>
    <Rectangle w="0.179402" x="0.0157807" y="0.728671" h="0.127273" legende="zoneA"/>
    <Rectangle w="0.181894" x="0.803156" y="0.727273" h="0.125874" legende="zoneB"/>
  </rectangles>
</CONSTAT_AXA>
