<?xml version="1.0" encoding="UTF-8"?>
<CONSTAT_AXA>
  <Date Date="01/06/13"/>
  <Heure Heure="21h30"/>
  <Pays Pays="France"/>
  <Lieu Lieu="Frontignan Plage"/>
  <Blesses Is_Blesses="no"/>
  <Degats>
    <Degats_voitures Is_Degats_sur_Voitures="yes"/>
    <Degats_objets Is_Degats_sur_Objets="no"/>
  </Degats>
  <Circonstances>
    <Circonstance_Voiture_A numero_cases_cochees=""/>
    <Circonstance_Voiture_B numero_cases_cochees="1"/>
  </Circonstances>
  <Zones_de_choc>
    <voiture_A zone="avant droit "/>
    <voiture_B zone="côté droit "/>
  </Zones_de_choc>
  <rectangles>
    <Rectangle w="0.0182724" x="0.0249169" y="0.0461538" h="0.0237762" legende="un"/>
    <Rectangle w="0.170266" x="0.0215947" y="0.0503496" h="0.0321678" legende="date"/>
    <Rectangle w="0.064784" x="0.194352" y="0.0531469" h="0.027972" legende="heure"/>
    <Rectangle w="0.0215947" x="0.263289" y="0.0475524" h="0.0223776" legende="deux"/>
    <Rectangle w="0.115449" x="0.26495" y="0.0503496" h="0.0321678" legende="localisation"/>
    <Rectangle w="0.196844" x="0.38206" y="0.0503496" h="0.0321678" legende="lieu"/>
    <Rectangle w="0.0207641" x="0.586379" y="0.0447552" h="0.0223776" legende="trois"/>
    <Rectangle w="0.158638" x="0.587209" y="0.0475524" h="0.0335664" legende="blesses"/>
    <Rectangle w="0.0224252" x="0.0224252" y="0.0811189" h="0.020979" legende="quatre"/>
    <Rectangle w="0.156977" x="0.0224252" y="0.0839161" h="0.0531469" legende="blessesV"/>
    <Rectangle w="0.173588" x="0.179402" y="0.0867133" h="0.0433566" legende="blessesO"/>
    <Rectangle w="0.0149502" x="0.375415" y="0.201399" h="0.013986" legende="c1"/>
    <Rectangle w="0.013289" x="0.377076" y="0.216783" h="0.013986" legende="c2"/>
    <Rectangle w="0.0157807" x="0.376246" y="0.243357" h="0.0125874" legende="c3"/>
    <Rectangle w="0.013289" x="0.377076" y="0.264336" h="0.0111888" legende="c4"/>
    <Rectangle w="0.0149502" x="0.376246" y="0.292308" h="0.013986" legende="c5"/>
    <Rectangle w="0.0141196" x="0.376246" y="0.321678" h="0.0153846" legende="c6"/>
    <Rectangle w="0.0124585" x="0.377907" y="0.352448" h="0.0111888" legende="c7"/>
    <Rectangle w="0.0157807" x="0.376246" y="0.381818" h="0.0111888" legende="c8"/>
    <Rectangle w="0.013289" x="0.377076" y="0.41958" h="0.00979021" legende="c9"/>
    <Rectangle w="0.013289" x="0.377907" y="0.448951" h="0.00979021" legende="c10"/>
    <Rectangle w="0.0149502" x="0.376246" y="0.465734" h="0.013986" legende="c11"/>
    <Rectangle w="0.013289" x="0.377076" y="0.488112" h="0.00839161" legende="c12"/>
    <Rectangle w="0.0141196" x="0.377076" y="0.504895" h="0.013986" legende="c13"/>
    <Rectangle w="0.0124585" x="0.377907" y="0.53007" h="0.00839161" legende="c14"/>
    <Rectangle w="0.0149502" x="0.377076" y="0.546853" h="0.013986" legende="c15"/>
    <Rectangle w="0.013289" x="0.377076" y="0.584615" h="0.0125874" legende="c16"/>
    <Rectangle w="0.0124585" x="0.377907" y="0.60979" h="0.0125874" legende="c17"/>
    <Rectangle w="0.013289" x="0.620432" y="0.205594" h="0.00979021" legende="c18"/>
    <Rectangle w="0.0141196" x="0.619601" y="0.21958" h="0.00839161" legende="c19"/>
    <Rectangle w="0.0149502" x="0.619601" y="0.246154" h="0.0111888" legende="c20"/>
    <Rectangle w="0.013289" x="0.620432" y="0.264336" h="0.013986" legende="c21"/>
    <Rectangle w="0.0124585" x="0.622093" y="0.296503" h="0.00839161" legende="c22"/>
    <Rectangle w="0.0141196" x="0.620432" y="0.321678" h="0.0125874" legende="c23"/>
    <Rectangle w="0.013289" x="0.622093" y="0.351049" h="0.0125874" legende="c24"/>
    <Rectangle w="0.013289" x="0.622093" y="0.381818" h="0.0111888" legende="c25"/>
    <Rectangle w="0.0141196" x="0.620432" y="0.41958" h="0.0111888" legende="c26"/>
    <Rectangle w="0.0124585" x="0.622093" y="0.447552" h="0.0125874" legende="c27"/>
    <Rectangle w="0.0141196" x="0.620432" y="0.468531" h="0.0111888" legende="c28"/>
    <Rectangle w="0.013289" x="0.622093" y="0.48951" h="0.00979021" legende="c29"/>
    <Rectangle w="0.0141196" x="0.620432" y="0.506294" h="0.0125874" legende="c30"/>
    <Rectangle w="0.0141196" x="0.620432" y="0.525874" h="0.0125874" legende="c31"/>
    <Rectangle w="0.0157807" x="0.619601" y="0.546853" h="0.0125874" legende="c32"/>
    <Rectangle w="0.0149502" x="0.619601" y="0.583217" h="0.013986" legende="c33"/>
    <Rectangle w="0.0141196" x="0.620432" y="0.606993" h="0.0195804" legende="c34"/>
    <Rectangle w="0.0232558" x="0.0207641" y="0.725874" h="0.020979" legende="dix"/>
    <Rectangle w="0.0199336" x="0.807309" y="0.728671" h="0.020979" legende="onze"/>
    <Rectangle w="0.177741" x="0.0240864" y="0.724476" h="0.131469" legende="zoneA"/>
    <Rectangle w="0.177741" x="0.80814" y="0.731469" h="0.125874" legende="zoneB"/>
  </rectangles>
</CONSTAT_AXA>
