<?xml version="1.0" encoding="UTF-8"?>
<CONSTAT_AXA>
  <Date Date="04/09/2013"/>
  <Heure Heure="18h15"/>
  <Pays Pays=""/>
  <Lieu Lieu="Poitiers"/>
  <Blesses Is_Blesses="no"/>
  <Degats>
    <Degats_voitures Is_Degats_sur_Voitures="no"/>
    <Degats_objets Is_Degats_sur_Objets="no"/>
  </Degats>
  <Circonstances>
    <Circonstance_Voiture_A numero_cases_cochees="8"/>
    <Circonstance_Voiture_B numero_cases_cochees=""/>
  </Circonstances>
  <Zones_de_choc>
    <voiture_A zone="avant droit "/>
    <voiture_B zone="derrière gauche"/>
  </Zones_de_choc>
  <rectangles>
    <Rectangle x="0.0221843" y="0.0379747" h="0.0146056" legende="un" w="0.0187713"/>
    <Rectangle x="0.0210466" y="0.037001" h="0.0350536" legende="date" w="0.17008"/>
    <Rectangle x="0.191126" y="0.0389484" h="0.0321324" legende="heure" w="0.0688282"/>
    <Rectangle x="0.263936" y="0.0399221" h="0.0126582" legende="deux" w="0.019909"/>
    <Rectangle x="0.263367" y="0.0399221" h="0.030185" legende="localisation" w="0.11661"/>
    <Rectangle x="0.379977" y="0.0399221" h="0.0292113" legende="lieu" w="0.19909"/>
    <Rectangle x="0.588168" y="0.0389484" h="0.0146056" legende="trois" w="0.019909"/>
    <Rectangle x="0.588737" y="0.0389484" h="0.0311587" legende="blesses" w="0.160978"/>
    <Rectangle x="0.0221843" y="0.0691334" h="0.0165531" legende="quatre" w="0.0204778"/>
    <Rectangle x="0.0221843" y="0.0701071" h="0.0486855" legende="blessesV" w="0.154721"/>
    <Rectangle x="0.176337" y="0.0710808" h="0.0496592" legende="blessesO" w="0.17463"/>
    <Rectangle x="0.375427" y="0.186952" h="0.0116845" legende="c1" w="0.0159272"/>
    <Rectangle x="0.375427" y="0.200584" h="0.0116845" legende="c2" w="0.0153584"/>
    <Rectangle x="0.374858" y="0.228822" h="0.0107108" legende="c3" w="0.0159272"/>
    <Rectangle x="0.374858" y="0.24927" h="0.0107108" legende="c4" w="0.0159272"/>
    <Rectangle x="0.375427" y="0.276534" h="0.0116845" legende="c5" w="0.0159272"/>
    <Rectangle x="0.375427" y="0.304771" h="0.0116845" legende="c6" w="0.0147895"/>
    <Rectangle x="0.375427" y="0.333009" h="0.00876339" legende="c7" w="0.0153584"/>
    <Rectangle x="0.375427" y="0.361246" h="0.0136319" legende="c8" w="0.0147895"/>
    <Rectangle x="0.375427" y="0.398247" h="0.0116845" legende="c9" w="0.0147895"/>
    <Rectangle x="0.375427" y="0.426485" h="0.0116845" legende="c10" w="0.0142207"/>
    <Rectangle x="0.375427" y="0.446933" h="0.0097371" legende="c11" w="0.0142207"/>
    <Rectangle x="0.375427" y="0.46446" h="0.0107108" legende="c12" w="0.0142207"/>
    <Rectangle x="0.374858" y="0.484908" h="0.0097371" legende="c13" w="0.0147895"/>
    <Rectangle x="0.375427" y="0.503408" h="0.0107108" legende="c14" w="0.0142207"/>
    <Rectangle x="0.375427" y="0.522882" h="0.0126582" legende="c15" w="0.0142207"/>
    <Rectangle x="0.375427" y="0.559883" h="0.0126582" legende="c16" w="0.0142207"/>
    <Rectangle x="0.375427" y="0.588121" h="0.0126582" legende="c17" w="0.0136519"/>
    <Rectangle x="0.621729" y="0.186952" h="0.0097371" legende="c18" w="0.0142207"/>
    <Rectangle x="0.62116" y="0.201558" h="0.0097371" legende="c19" w="0.0147895"/>
    <Rectangle x="0.62116" y="0.228822" h="0.0116845" legende="c20" w="0.0153584"/>
    <Rectangle x="0.62116" y="0.24927" h="0.00876339" legende="c21" w="0.0153584"/>
    <Rectangle x="0.621729" y="0.278481" h="0.0107108" legende="c22" w="0.0142207"/>
    <Rectangle x="0.621729" y="0.305745" h="0.0097371" legende="c23" w="0.0142207"/>
    <Rectangle x="0.62116" y="0.333982" h="0.0097371" legende="c24" w="0.0147895"/>
    <Rectangle x="0.62116" y="0.361246" h="0.0116845" legende="c25" w="0.0153584"/>
    <Rectangle x="0.62116" y="0.398247" h="0.0126582" legende="c26" w="0.0147895"/>
    <Rectangle x="0.620592" y="0.427459" h="0.0107108" legende="c27" w="0.0153584"/>
    <Rectangle x="0.620592" y="0.445959" h="0.0116845" legende="c28" w="0.0147895"/>
    <Rectangle x="0.620023" y="0.466407" h="0.0097371" legende="c29" w="0.0147895"/>
    <Rectangle x="0.620023" y="0.484908" h="0.0116845" legende="c30" w="0.0153584"/>
    <Rectangle x="0.620592" y="0.505355" h="0.0097371" legende="c31" w="0.0147895"/>
    <Rectangle x="0.619454" y="0.522882" h="0.0116845" legende="c32" w="0.016496"/>
    <Rectangle x="0.620592" y="0.561831" h="0.0097371" legende="c33" w="0.0147895"/>
    <Rectangle x="0.620023" y="0.589094" h="0.0116845" legende="c34" w="0.0153584"/>
    <Rectangle x="0.0187713" y="0.703018" h="0.0155794" legende="dix" w="0.019909"/>
    <Rectangle x="0.807167" y="0.703992" h="0.0194742" legende="onze" w="0.0216155"/>
    <Rectangle x="0.0187713" y="0.703018" h="0.125609" legende="zoneA" w="0.179181"/>
    <Rectangle x="0.807736" y="0.703992" h="0.127556" legende="zoneB" w="0.180319"/>
  </rectangles>
</CONSTAT_AXA>
