<?xml version="1.0" encoding="UTF-8"?>
<CONSTAT_AXA>
  <Date Date="24/10/2013"/>
  <Heure Heure="18h25"/>
  <Pays Pays="Aurillac"/>
  <Lieu Lieu="Parking du Gravier"/>
  <Blesses Is_Blesses="no"/>
  <Degats>
    <Degats_voitures Is_Degats_sur_Voitures="no"/>
    <Degats_objets Is_Degats_sur_Objets="no"/>
  </Degats>
  <Circonstances>
    <Circonstance_Voiture_A numero_cases_cochees=""/>
    <Circonstance_Voiture_B numero_cases_cochees=""/>
  </Circonstances>
  <Zones_de_choc>
    <voiture_A zone="milieu droit"/>
    <voiture_B zone=""/>
  </Zones_de_choc>
  <rectangles>
    <Rectangle w="0.013083" x="0.0802048" y="0.0652386" h="0.0155794" legende="un"/>
    <Rectangle w="0.145051" x="0.0790671" y="0.0623174" h="0.0311587" legende="date"/>
    <Rectangle w="0.0620023" x="0.222981" y="0.0632911" h="0.0311587" legende="heure"/>
    <Rectangle w="0.0147895" x="0.289534" y="0.0662123" h="0.0146056" legende="deux"/>
    <Rectangle w="0.0955631" x="0.288965" y="0.0632911" h="0.0311587" legende="localisation"/>
    <Rectangle w="0.175768" x="0.386803" y="0.067186" h="0.0272639" legende="lieu"/>
    <Rectangle w="0.0147895" x="0.569397" y="0.0652386" h="0.0155794" legende="trois"/>
    <Rectangle w="0.137088" x="0.569397" y="0.0652386" h="0.0292113" legende="blesses"/>
    <Rectangle w="0.0147895" x="0.0802048" y="0.0954236" h="0.0136319" legende="quatre"/>
    <Rectangle w="0.13595" x="0.0784983" y="0.0954236" h="0.0408958" legende="blessesV"/>
    <Rectangle w="0.149602" x="0.215586" y="0.0963973" h="0.0408958" legende="blessesO"/>
    <Rectangle w="0.0119454" x="0.387372" y="0.195716" h="0.0097371" legende="c1"/>
    <Rectangle w="0.0119454" x="0.386803" y="0.209348" h="0.00778968" legende="c2"/>
    <Rectangle w="0.0125142" x="0.386803" y="0.23369" h="0.00876339" legende="c3"/>
    <Rectangle w="0.013083" x="0.386234" y="0.24927" h="0.0116845" legende="c4"/>
    <Rectangle w="0.0113766" x="0.386234" y="0.276534" h="0.0097371" legende="c5"/>
    <Rectangle w="0.0125142" x="0.387941" y="0.306719" h="0.00876339" legende="c6"/>
    <Rectangle w="0.0125142" x="0.386803" y="0.331061" h="0.0097371" legende="c7"/>
    <Rectangle w="0.0119454" x="0.387372" y="0.357352" h="0.0116845" legende="c8"/>
    <Rectangle w="0.0113766" x="0.386803" y="0.393379" h="0.0097371" legende="c9"/>
    <Rectangle w="0.0119454" x="0.386234" y="0.419669" h="0.0097371" legende="c10"/>
    <Rectangle w="0.0125142" x="0.386234" y="0.437196" h="0.00876339" legende="c11"/>
    <Rectangle w="0.0125142" x="0.385666" y="0.453749" h="0.00681597" legende="c12"/>
    <Rectangle w="0.0119454" x="0.386234" y="0.468354" h="0.0107108" legende="c13"/>
    <Rectangle w="0.013083" x="0.385666" y="0.487829" h="0.00778968" legende="c14"/>
    <Rectangle w="0.0119454" x="0.385666" y="0.501461" h="0.0097371" legende="c15"/>
    <Rectangle w="0.0119454" x="0.385666" y="0.536514" h="0.0116845" legende="c16"/>
    <Rectangle w="0.013083" x="0.385666" y="0.562804" h="0.0107108" legende="c17"/>
    <Rectangle w="0.0108077" x="0.601251" y="0.199611" h="0.00584226" legende="c18"/>
    <Rectangle w="0.0113766" x="0.601251" y="0.209348" h="0.00778968" legende="c19"/>
    <Rectangle w="0.0125142" x="0.600683" y="0.234664" h="0.0097371" legende="c20"/>
    <Rectangle w="0.0136519" x="0.600114" y="0.252191" h="0.00876339" legende="c21"/>
    <Rectangle w="0.0136519" x="0.600114" y="0.276534" h="0.0126582" legende="c22"/>
    <Rectangle w="0.0125142" x="0.601251" y="0.304771" h="0.0107108" legende="c23"/>
    <Rectangle w="0.013083" x="0.600683" y="0.331061" h="0.0107108" legende="c24"/>
    <Rectangle w="0.013083" x="0.601251" y="0.357352" h="0.0097371" legende="c25"/>
    <Rectangle w="0.013083" x="0.60182" y="0.393379" h="0.0097371" legende="c26"/>
    <Rectangle w="0.0119454" x="0.60182" y="0.419669" h="0.0097371" legende="c27"/>
    <Rectangle w="0.0119454" x="0.60182" y="0.437196" h="0.0097371" legende="c28"/>
    <Rectangle w="0.0113766" x="0.602389" y="0.454722" h="0.00778968" legende="c29"/>
    <Rectangle w="0.0119454" x="0.602389" y="0.470302" h="0.00876339" legende="c30"/>
    <Rectangle w="0.0125142" x="0.602389" y="0.485881" h="0.00876339" legende="c31"/>
    <Rectangle w="0.0125142" x="0.602389" y="0.502434" h="0.0097371" legende="c32"/>
    <Rectangle w="0.013083" x="0.599545" y="0.539435" h="0.00876339" legende="c33"/>
    <Rectangle w="0.0119454" x="0.600683" y="0.563778" h="0.00876339" legende="c34"/>
    <Rectangle w="0.016496" x="0.0779295" y="0.66407" h="0.0116845" legende="dix"/>
    <Rectangle w="0.019909" x="0.766212" y="0.662123" h="0.0136319" legende="onze"/>
    <Rectangle w="0.153015" x="0.0773606" y="0.663096" h="0.110029" legende="zoneA"/>
    <Rectangle w="0.153584" x="0.76678" y="0.661149" h="0.115871" legende="zoneB"/>
  </rectangles>
</CONSTAT_AXA>
