<?xml version="1.0" encoding="UTF-8"?>
<CONSTAT_AXA>
  <Date Date="16/09/2013"/>
  <Heure Heure="15h00"/>
  <Pays Pays="lieu dit guiraud"/>
  <Lieu Lieu="Casteljaloux"/>
  <Blesses Is_Blesses="no"/>
  <Degats>
    <Degats_voitures Is_Degats_sur_Voitures="no"/>
    <Degats_objets Is_Degats_sur_Objets="no"/>
  </Degats>
  <Circonstances>
    <Circonstance_Voiture_A numero_cases_cochees="4"/>
    <Circonstance_Voiture_B numero_cases_cochees="11"/>
  </Circonstances>
  <Zones_de_choc>
    <voiture_A zone="miieu avant"/>
    <voiture_B zone=""/>
  </Zones_de_choc>
  <rectangles>
    <Rectangle w="0.0176337" x="0.0147895" y="0.0321324" h="0.0146056" legende="un"/>
    <Rectangle w="0.164391" x="0.0147895" y="0.0321324" h="0.0311587" legende="date"/>
    <Rectangle w="0.0711035" x="0.179181" y="0.0321324" h="0.0311587" legende="heure"/>
    <Rectangle w="0.0307167" x="0.255404" y="0.0311587" h="0.0146056" legende="deux"/>
    <Rectangle w="0.196246" x="0.254266" y="0.030185" h="0.0331061" legende="localisation"/>
    <Rectangle w="0.328214" x="0.451081" y="0.030185" h="0.0340798" legende="lieu"/>
    <Rectangle w="0.0250284" x="0.789534" y="0.0321324" h="0.0146056" legende="trois"/>
    <Rectangle w="0.195108" x="0.788965" y="0.030185" h="0.0360273" legende="blesses"/>
    <Rectangle w="0.0170648" x="0.0159272" y="0.0652386" h="0.0175268" legende="quatre"/>
    <Rectangle w="0.153584" x="0.0159272" y="0.0662123" h="0.053554" legende="blessesV"/>
    <Rectangle w="0.169511" x="0.170648" y="0.067186" h="0.0457644" legende="blessesO"/>
    <Rectangle w="0.0136519" x="0.364619" y="0.185005" h="0.0107108" legende="c1"/>
    <Rectangle w="0.0136519" x="0.365188" y="0.193768" h="0.0126582" legende="c2"/>
    <Rectangle w="0.0142207" x="0.364619" y="0.224927" h="0.0107108" legende="c3"/>
    <Rectangle w="0.0142207" x="0.365188" y="0.242454" h="0.0126582" legende="c4"/>
    <Rectangle w="0.0136519" x="0.365188" y="0.27556" h="0.0107108" legende="c5"/>
    <Rectangle w="0.013083" x="0.364619" y="0.307692" h="0.0107108" legende="c6"/>
    <Rectangle w="0.0125142" x="0.365188" y="0.336904" h="0.00876339" legende="c7"/>
    <Rectangle w="0.0125142" x="0.364619" y="0.367089" h="0.00876339" legende="c8"/>
    <Rectangle w="0.013083" x="0.36405" y="0.408958" h="0.0107108" legende="c9"/>
    <Rectangle w="0.0113766" x="0.365757" y="0.439143" h="0.00778968" legende="c10"/>
    <Rectangle w="0.013083" x="0.364619" y="0.459591" h="0.0097371" legende="c11"/>
    <Rectangle w="0.0119454" x="0.364619" y="0.477118" h="0.00876339" legende="c12"/>
    <Rectangle w="0.013083" x="0.36405" y="0.495618" h="0.0097371" legende="c13"/>
    <Rectangle w="0.0136519" x="0.363481" y="0.515092" h="0.00876339" legende="c14"/>
    <Rectangle w="0.013083" x="0.364619" y="0.534567" h="0.0107108" legende="c15"/>
    <Rectangle w="0.0119454" x="0.36405" y="0.575463" h="0.0107108" legende="c16"/>
    <Rectangle w="0.0119454" x="0.36405" y="0.602726" h="0.0116845" legende="c17"/>
    <Rectangle w="0.013083" x="0.614334" y="0.185979" h="0.00681597" legende="c18"/>
    <Rectangle w="0.0119454" x="0.614334" y="0.197663" h="0.00876339" legende="c19"/>
    <Rectangle w="0.0119454" x="0.614334" y="0.225901" h="0.0097371" legende="c20"/>
    <Rectangle w="0.013083" x="0.614903" y="0.245375" h="0.0097371" legende="c21"/>
    <Rectangle w="0.013083" x="0.614334" y="0.274586" h="0.00876339" legende="c22"/>
    <Rectangle w="0.0136519" x="0.613766" y="0.308666" h="0.0097371" legende="c23"/>
    <Rectangle w="0.013083" x="0.613766" y="0.33593" h="0.0097371" legende="c24"/>
    <Rectangle w="0.0136519" x="0.613197" y="0.367089" h="0.0116845" legende="c25"/>
    <Rectangle w="0.013083" x="0.613766" y="0.408958" h="0.0097371" legende="c26"/>
    <Rectangle w="0.0125142" x="0.61661" y="0.439143" h="0.00876339" legende="c27"/>
    <Rectangle w="0.013083" x="0.617179" y="0.459591" h="0.0097371" legende="c28"/>
    <Rectangle w="0.0113766" x="0.617179" y="0.478092" h="0.00876339" legende="c29"/>
    <Rectangle w="0.0119454" x="0.617179" y="0.495618" h="0.0097371" legende="c30"/>
    <Rectangle w="0.0119454" x="0.617179" y="0.516066" h="0.00876339" legende="c31"/>
    <Rectangle w="0.0125142" x="0.61661" y="0.53554" h="0.0097371" legende="c32"/>
    <Rectangle w="0.0119454" x="0.61661" y="0.574489" h="0.0116845" legende="c33"/>
    <Rectangle w="0.013083" x="0.615472" y="0.602726" h="0.0107108" legende="c34"/>
    <Rectangle w="0.0193402" x="0.013083" y="0.717624" h="0.0175268" legende="dix"/>
    <Rectangle w="0.0187713" x="0.80091" y="0.720545" h="0.0155794" legende="onze"/>
    <Rectangle w="0.175768" x="0.0142207" y="0.719572" h="0.12853" legende="zoneA"/>
    <Rectangle w="0.178612" x="0.801479" y="0.721519" h="0.127556" legende="zoneB"/>
  </rectangles>
</CONSTAT_AXA>
