<?xml version="1.0" encoding="UTF-8"?>
<CONSTAT_AXA>
  <Date Date="12/02/2013"/>
  <Heure Heure="15h55"/>
  <Pays Pays="France"/>
  <Lieu Lieu="Contres 41700"/>
  <Blesses Is_Blesses="no"/>
  <Degats>
    <Degats_voitures Is_Degats_sur_Voitures="no"/>
    <Degats_objets Is_Degats_sur_Objets="no"/>
  </Degats>
  <Circonstances>
    <Circonstance_Voiture_A numero_cases_cochees=""/>
    <Circonstance_Voiture_B numero_cases_cochees="11"/>
  </Circonstances>
  <Zones_de_choc>
    <voiture_A zone="rétro gauche"/>
    <voiture_B zone="rétro gauche"/>
  </Zones_de_choc>
  <rectangles>
    <Rectangle w="0.023322" x="0.0221843" y="0.030185" h="0.0155794" legende="un"/>
    <Rectangle w="0.167804" x="0.023322" y="0.0311587" h="0.0311587" legende="date"/>
    <Rectangle w="0.0671217" x="0.192264" y="0.0321324" h="0.0311587" legende="heure"/>
    <Rectangle w="0.0204778" x="0.264505" y="0.030185" h="0.0165531" legende="deux"/>
    <Rectangle w="0.114334" x="0.265074" y="0.0311587" h="0.0292113" legende="localisation"/>
    <Rectangle w="0.197383" x="0.379408" y="0.0331061" h="0.0282376" legende="lieu"/>
    <Rectangle w="0.0216155" x="0.585324" y="0.030185" h="0.0155794" legende="trois"/>
    <Rectangle w="0.158703" x="0.585324" y="0.0311587" h="0.0321324" legende="blesses"/>
    <Rectangle w="0.0216155" x="0.0227531" y="0.0642648" h="0.0165531" legende="quatre"/>
    <Rectangle w="0.154721" x="0.0227531" y="0.0652386" h="0.0496592" legende="blessesV"/>
    <Rectangle w="0.172355" x="0.179181" y="0.0662123" h="0.0467381" legende="blessesO"/>
    <Rectangle w="0.0147895" x="0.375995" y="0.185005" h="0.0107108" legende="c1"/>
    <Rectangle w="0.0147895" x="0.375427" y="0.198637" h="0.0116845" legende="c2"/>
    <Rectangle w="0.0159272" x="0.374289" y="0.226874" h="0.0116845" legende="c3"/>
    <Rectangle w="0.0147895" x="0.375995" y="0.247322" h="0.0116845" legende="c4"/>
    <Rectangle w="0.0147895" x="0.375995" y="0.276534" h="0.0116845" legende="c5"/>
    <Rectangle w="0.0153584" x="0.375995" y="0.305745" h="0.0116845" legende="c6"/>
    <Rectangle w="0.0147895" x="0.375995" y="0.33593" h="0.0107108" legende="c7"/>
    <Rectangle w="0.0147895" x="0.375427" y="0.364167" h="0.0107108" legende="c8"/>
    <Rectangle w="0.0159272" x="0.374858" y="0.401168" h="0.0116845" legende="c9"/>
    <Rectangle w="0.0153584" x="0.375427" y="0.431353" h="0.0107108" legende="c10"/>
    <Rectangle w="0.0142207" x="0.375427" y="0.452775" h="0.00876339" legende="c11"/>
    <Rectangle w="0.0147895" x="0.374858" y="0.474197" h="0.00876339" legende="c12"/>
    <Rectangle w="0.0136519" x="0.375995" y="0.491723" h="0.0097371" legende="c13"/>
    <Rectangle w="0.0142207" x="0.375995" y="0.512171" h="0.0107108" legende="c14"/>
    <Rectangle w="0.0136519" x="0.375995" y="0.532619" h="0.0107108" legende="c15"/>
    <Rectangle w="0.0136519" x="0.375427" y="0.570594" h="0.0116845" legende="c16"/>
    <Rectangle w="0.0142207" x="0.375427" y="0.598832" h="0.0136319" legende="c17"/>
    <Rectangle w="0.013083" x="0.618885" y="0.184031" h="0.0107108" legende="c18"/>
    <Rectangle w="0.0136519" x="0.619454" y="0.198637" h="0.0097371" legende="c19"/>
    <Rectangle w="0.013083" x="0.619454" y="0.226874" h="0.0116845" legende="c20"/>
    <Rectangle w="0.0142207" x="0.618885" y="0.248296" h="0.0097371" legende="c21"/>
    <Rectangle w="0.013083" x="0.619454" y="0.278481" h="0.0097371" legende="c22"/>
    <Rectangle w="0.0142207" x="0.619454" y="0.306719" h="0.0097371" legende="c23"/>
    <Rectangle w="0.0136519" x="0.620023" y="0.334956" h="0.0107108" legende="c24"/>
    <Rectangle w="0.0136519" x="0.619454" y="0.364167" h="0.0107108" legende="c25"/>
    <Rectangle w="0.013083" x="0.620023" y="0.403116" h="0.0097371" legende="c26"/>
    <Rectangle w="0.0125142" x="0.620023" y="0.431353" h="0.0116845" legende="c27"/>
    <Rectangle w="0.0153584" x="0.619454" y="0.452775" h="0.0116845" legende="c28"/>
    <Rectangle w="-0.0153584" x="0.634243" y="0.48296" h="-0.0116845" legende="c29"/>
    <Rectangle w="0.0142207" x="0.619454" y="0.491723" h="0.0107108" legende="c30"/>
    <Rectangle w="0.0113766" x="0.620592" y="0.511198" h="0.0107108" legende="c31"/>
    <Rectangle w="0.0136519" x="0.619454" y="0.531646" h="0.0116845" legende="c32"/>
    <Rectangle w="0.0142207" x="0.618885" y="0.56962" h="0.0107108" legende="c33"/>
    <Rectangle w="0.0147895" x="0.618885" y="0.600779" h="0.0097371" legende="c34"/>
    <Rectangle w="0.0187713" x="0.0221843" y="0.717624" h="0.0185005" legende="dix"/>
    <Rectangle w="0.0193402" x="0.80603" y="0.717624" h="0.0175268" legende="onze"/>
    <Rectangle w="0.177474" x="0.0221843" y="0.717624" h="0.130477" legende="zoneA"/>
    <Rectangle w="0.180887" x="0.804892" y="0.719572" h="0.127556" legende="zoneB"/>
  </rectangles>
</CONSTAT_AXA>
