<?xml version="1.0" encoding="UTF-8"?>
<CONSTAT_AXA>
  <Date Date="19/06/2013"/>
  <Heure Heure="14h00"/>
  <Pays Pays="Fr"/>
  <Lieu Lieu="Illisible"/>
  <Blesses Is_Blesses="no"/>
  <Degats>
    <Degats_voitures Is_Degats_sur_Voitures="no"/>
    <Degats_objets Is_Degats_sur_Objets="no"/>
  </Degats>
  <Circonstances>
    <Circonstance_Voiture_A numero_cases_cochees="14"/>
    <Circonstance_Voiture_B numero_cases_cochees="1"/>
  </Circonstances>
  <Zones_de_choc>
    <voiture_A zone="milieu arrière"/>
    <voiture_B zone="milieu gauche"/>
  </Zones_de_choc>
  <rectangles>
    <Rectangle w="0.0176337" x="0.0614334" y="0.0564752" h="0.0116845" legende="un"/>
    <Rectangle w="0.16041" x="0.0602958" y="0.0545278" h="0.0272639" legende="date"/>
    <Rectangle w="0.0648464" x="0.220137" y="0.0555015" h="0.0282376" legende="heure"/>
    <Rectangle w="0.0182025" x="0.290671" y="0.053554" h="0.0146056" legende="deux"/>
    <Rectangle w="0.108646" x="0.289534" y="0.0506329" h="0.0321324" legende="localisation"/>
    <Rectangle w="0.186576" x="0.399886" y="0.0545278" h="0.0311587" legende="lieu"/>
    <Rectangle w="0.0182025" x="0.596132" y="0.0555015" h="0.0146056" legende="trois"/>
    <Rectangle w="0.149602" x="0.596132" y="0.0555015" h="0.030185" legende="blesses"/>
    <Rectangle w="0.0187713" x="0.0602958" y="0.0866602" h="0.0136319" legende="quatre"/>
    <Rectangle w="0.146758" x="0.0591581" y="0.0817916" h="0.0506329" legende="blessesV"/>
    <Rectangle w="0.165529" x="0.207053" y="0.083739" h="0.0506329" legende="blessesO"/>
    <Rectangle w="0.013083" x="0.395336" y="0.199611" h="0.0097371" legende="c1"/>
    <Rectangle w="0.0125142" x="0.395336" y="0.211295" h="0.0107108" legende="c2"/>
    <Rectangle w="0.0119454" x="0.396473" y="0.239533" h="0.00876339" legende="c3"/>
    <Rectangle w="0.0142207" x="0.393629" y="0.259981" h="0.00876339" legende="c4"/>
    <Rectangle w="0.0142207" x="0.39306" y="0.285297" h="0.0107108" legende="c5"/>
    <Rectangle w="0.0125142" x="0.394198" y="0.311587" h="0.0136319" legende="c6"/>
    <Rectangle w="0.013083" x="0.39306" y="0.341772" h="0.0116845" legende="c7"/>
    <Rectangle w="0.0136519" x="0.39306" y="0.368062" h="0.0097371" legende="c8"/>
    <Rectangle w="0.0147895" x="0.391923" y="0.403116" h="0.0097371" legende="c9"/>
    <Rectangle w="0.0136519" x="0.391923" y="0.431353" h="0.0107108" legende="c10"/>
    <Rectangle w="0.0136519" x="0.392491" y="0.447907" h="0.0126582" legende="c11"/>
    <Rectangle w="0.0136519" x="0.392491" y="0.468354" h="0.0107108" legende="c12"/>
    <Rectangle w="0.0119454" x="0.39306" y="0.485881" h="0.0107108" legende="c13"/>
    <Rectangle w="0.013083" x="0.391923" y="0.505355" h="0.0107108" legende="c14"/>
    <Rectangle w="0.0136519" x="0.391354" y="0.523856" h="0.0107108" legende="c15"/>
    <Rectangle w="0.0147895" x="0.390785" y="0.558909" h="0.0107108" legende="c16"/>
    <Rectangle w="0.0125142" x="0.391354" y="0.586173" h="0.0107108" legende="c17"/>
    <Rectangle w="0.013083" x="0.625711" y="0.199611" h="0.0107108" legende="c18"/>
    <Rectangle w="0.0142207" x="0.625711" y="0.213242" h="0.0116845" legende="c19"/>
    <Rectangle w="0.0147895" x="0.625142" y="0.240506" h="0.0107108" legende="c20"/>
    <Rectangle w="0.013083" x="0.625142" y="0.261928" h="0.00876339" legende="c21"/>
    <Rectangle w="0.0142207" x="0.624005" y="0.287244" h="0.0107108" legende="c22"/>
    <Rectangle w="0.0125142" x="0.625142" y="0.313535" h="0.0107108" legende="c23"/>
    <Rectangle w="0.0136519" x="0.624005" y="0.341772" h="0.0097371" legende="c24"/>
    <Rectangle w="0.0125142" x="0.624573" y="0.368062" h="0.0116845" legende="c25"/>
    <Rectangle w="0.0142207" x="0.622867" y="0.406037" h="0.00876339" legende="c26"/>
    <Rectangle w="0.0119454" x="0.623436" y="0.433301" h="0.00876339" legende="c27"/>
    <Rectangle w="0.0125142" x="0.623436" y="0.451801" h="0.00778968" legende="c28"/>
    <Rectangle w="0.0125142" x="0.623436" y="0.471276" h="0.00876339" legende="c29"/>
    <Rectangle w="0.0125142" x="0.622867" y="0.487829" h="0.0107108" legende="c30"/>
    <Rectangle w="0.0119454" x="0.623436" y="0.506329" h="0.00876339" legende="c31"/>
    <Rectangle w="0.0119454" x="0.622867" y="0.526777" h="0.00876339" legende="c32"/>
    <Rectangle w="0.013083" x="0.621729" y="0.561831" h="0.00778968" legende="c33"/>
    <Rectangle w="0.013083" x="0.621729" y="0.588121" h="0.0097371" legende="c34"/>
    <Rectangle w="0.0193402" x="0.0523322" y="0.694255" h="0.0155794" legende="dix"/>
    <Rectangle w="0.019909" x="0.795791" y="0.700097" h="0.0155794" legende="onze"/>
    <Rectangle w="0.168942" x="0.052901" y="0.696203" h="0.122687" legende="zoneA"/>
    <Rectangle w="0.168373" x="0.795791" y="0.69815" h="0.126582" legende="zoneB"/>
  </rectangles>
</CONSTAT_AXA>
