<?xml version="1.0" encoding="UTF-8"?>
<CONSTAT_AXA>
  <Date Date="06/10/2013"/>
  <Heure Heure="09h30"/>
  <Pays Pays=""/>
  <Lieu Lieu="Olonne sur Mer Vendée 85340"/>
  <Blesses Is_Blesses="no"/>
  <Degats>
    <Degats_voitures Is_Degats_sur_Voitures="no"/>
    <Degats_objets Is_Degats_sur_Objets="no"/>
  </Degats>
  <Circonstances>
    <Circonstance_Voiture_A numero_cases_cochees="5;14"/>
    <Circonstance_Voiture_B numero_cases_cochees="1"/>
  </Circonstances>
  <Zones_de_choc>
    <voiture_A zone="milieu arrière "/>
    <voiture_B zone="avant droit "/>
  </Zones_de_choc>
  <rectangles>
    <Rectangle legende="un" w="0.0193402" x="0.0312856" y="0.0730282" h="0.0146056"/>
    <Rectangle legende="date" w="0.162116" x="0.032992" y="0.0740019" h="0.0360273"/>
    <Rectangle legende="heure" w="0.0648464" x="0.194539" y="0.0740019" h="0.0350536"/>
    <Rectangle legende="deux" w="0.0193402" x="0.259386" y="0.0730282" h="0.0165531"/>
    <Rectangle legende="localisation" w="0.0733788" x="0.260523" y="0.0720545" h="0.0360273"/>
    <Rectangle legende="lieu" w="0.385097" x="0.335609" y="0.0730282" h="0.0340798"/>
    <Rectangle legende="trois" w="0.0210466" x="0.720137" y="0.0740019" h="0.0155794"/>
    <Rectangle legende="blesses" w="0.23322" x="0.721274" y="0.0740019" h="0.037001"/>
    <Rectangle legende="quatre" w="0.0170648" x="0.032992" y="0.106134" h="0.0165531"/>
    <Rectangle legende="blessesV" w="0.226962" x="0.0318544" y="0.108082" h="0.0418695"/>
    <Rectangle legende="blessesO" w="0.052901" x="0.204209" y="0.109056" h="0.0214216"/>
    <Rectangle legende="c1" w="0.0187713" x="0.347554" y="0.212269" h="0.0155794"/>
    <Rectangle legende="c2" w="0.0170648" x="0.348692" y="0.239533" h="0.0136319"/>
    <Rectangle legende="c3" w="0.0182025" x="0.347554" y="0.263875" h="0.0126582"/>
    <Rectangle legende="c4" w="0.0170648" x="0.348123" y="0.286271" h="0.0146056"/>
    <Rectangle legende="c5" w="0.016496" x="0.348123" y="0.313535" h="0.0155794"/>
    <Rectangle legende="c6" w="0.0170648" x="0.347554" y="0.339825" h="0.0126582"/>
    <Rectangle legende="c7" w="0.016496" x="0.348692" y="0.36222" h="0.0116845"/>
    <Rectangle legende="c8" w="0.0176337" x="0.348692" y="0.38851" h="0.0126582"/>
    <Rectangle legende="c9" w="0.0187713" x="0.346985" y="0.412853" h="0.0107108"/>
    <Rectangle legende="c10" w="0.0170648" x="0.347554" y="0.438169" h="0.0126582"/>
    <Rectangle legende="c11" w="0.0176337" x="0.347554" y="0.462512" h="0.0116845"/>
    <Rectangle legende="c12" w="0.0170648" x="0.347554" y="0.485881" h="0.0126582"/>
    <Rectangle legende="c13" w="0.0176337" x="0.347554" y="0.511198" h="0.0107108"/>
    <Rectangle legende="c14" w="0.0153584" x="0.348692" y="0.533593" h="0.0136319"/>
    <Rectangle legende="c15" w="0.016496" x="0.348123" y="0.558909" h="0.0116845"/>
    <Rectangle legende="c16" w="0.0176337" x="0.347554" y="0.581305" h="0.0136319"/>
    <Rectangle legende="c17" w="0.0170648" x="0.347554" y="0.607595" h="0.0165531"/>
    <Rectangle legende="c18" w="0.0159272" x="0.615472" y="0.213242" h="0.0155794"/>
    <Rectangle legende="c19" w="0.0170648" x="0.614903" y="0.238559" h="0.0165531"/>
    <Rectangle legende="c20" w="0.0153584" x="0.614903" y="0.264849" h="0.0126582"/>
    <Rectangle legende="c21" w="0.0159272" x="0.616041" y="0.289192" h="0.0107108"/>
    <Rectangle legende="c22" w="0.019909" x="0.614903" y="0.311587" h="0.0155794"/>
    <Rectangle legende="c23" w="0.016496" x="0.613766" y="0.338851" h="0.0126582"/>
    <Rectangle legende="c24" w="0.0170648" x="0.613766" y="0.365141" h="0.00876339"/>
    <Rectangle legende="c25" w="0.0187713" x="0.613197" y="0.389484" h="0.0116845"/>
    <Rectangle legende="c26" w="0.0176337" x="0.614334" y="0.412853" h="0.0116845"/>
    <Rectangle legende="c27" w="0.0159272" x="0.614903" y="0.439143" h="0.0097371"/>
    <Rectangle legende="c28" w="0.0159272" x="0.615472" y="0.460565" h="0.0107108"/>
    <Rectangle legende="c29" w="0.0170648" x="0.614334" y="0.486855" h="0.0116845"/>
    <Rectangle legende="c30" w="0.0176337" x="0.614903" y="0.50925" h="0.0146056"/>
    <Rectangle legende="c31" w="0.0170648" x="0.614903" y="0.532619" h="0.0126582"/>
    <Rectangle legende="c32" w="0.016496" x="0.614903" y="0.558909" h="0.0126582"/>
    <Rectangle legende="c33" w="0.0153584" x="0.615472" y="0.581305" h="0.0126582"/>
    <Rectangle legende="c34" w="0.0159272" x="0.615472" y="0.609542" h="0.0136319"/>
    <Rectangle legende="dix" w="0.023322" x="0.0255973" y="0.668939" h="0.0204479"/>
    <Rectangle legende="onze" w="0.0284414" x="0.739477" y="0.668939" h="0.0223953"/>
    <Rectangle legende="zoneA" w="0.204209" x="0.0278726" y="0.669912" h="0.129503"/>
    <Rectangle legende="zoneB" w="0.210466" x="0.742321" y="0.670886" h="0.131451"/>
  </rectangles>
</CONSTAT_AXA>
