<?xml version="1.0" encoding="UTF-8"?>
<CONSTAT_AXA>
  <Date Date="18/06/2013"/>
  <Heure Heure="18H30"/>
  <Pays Pays=""/>
  <Lieu Lieu="Gazagnaire Cannes"/>
  <Blesses Is_Blesses="no"/>
  <Degats>
    <Degats_voitures Is_Degats_sur_Voitures="no"/>
    <Degats_objets Is_Degats_sur_Objets="no"/>
  </Degats>
  <Circonstances>
    <Circonstance_Voiture_A numero_cases_cochees=""/>
    <Circonstance_Voiture_B numero_cases_cochees=""/>
  </Circonstances>
  <Zones_de_choc>
    <voiture_A zone=""/>
    <voiture_B zone="milieu droit"/>
  </Zones_de_choc>
  <rectangles>
    <Rectangle w="0.0153584" x="0.0477816" y="0.0925024" h="0.0185005" legende="un"/>
    <Rectangle w="0.162116" x="0.0477816" y="0.0934761" h="0.0282376" legende="date"/>
    <Rectangle w="0.0676906" x="0.211604" y="0.097371" h="0.0253165" legende="heure"/>
    <Rectangle w="0.0176337" x="0.279863" y="0.0954236" h="0.0146056" legende="deux"/>
    <Rectangle w="0.0318544" x="0.279863" y="0.0934761" h="0.0311587" legende="localisation"/>
    <Rectangle w="0.425483" x="0.313424" y="0.0944499" h="0.0340798" legende="lieu"/>
    <Rectangle w="0.0187713" x="0.741752" y="0.0944499" h="0.0165531" legende="trois"/>
    <Rectangle w="0.230375" x="0.742321" y="0.0944499" h="0.0340798" legende="blesses"/>
    <Rectangle w="0.0182025" x="0.0472127" y="0.129503" h="0.0146056" legende="quatre"/>
    <Rectangle w="0.176337" x="0.0466439" y="0.125609" h="0.0428432" legende="blessesV"/>
    <Rectangle w="0.0534699" x="0.224118" y="0.126582" h="0.0418695" legende="blessesO"/>
    <Rectangle w="0.016496" x="0.36917" y="0.231743" h="0.0116845" legende="c1"/>
    <Rectangle w="0.0176337" x="0.36917" y="0.254138" h="0.0126582" legende="c2"/>
    <Rectangle w="0.0182025" x="0.368032" y="0.277507" h="0.0126582" legende="c3"/>
    <Rectangle w="0.0170648" x="0.36917" y="0.302824" h="0.0107108" legende="c4"/>
    <Rectangle w="0.0170648" x="0.368032" y="0.326193" h="0.0126582" legende="c5"/>
    <Rectangle w="0.0170648" x="0.368032" y="0.350536" h="0.0126582" legende="c6"/>
    <Rectangle w="0.0176337" x="0.368601" y="0.374878" h="0.0126582" legende="c7"/>
    <Rectangle w="0.0176337" x="0.368032" y="0.400195" h="0.0116845" legende="c8"/>
    <Rectangle w="0.0182025" x="0.366894" y="0.423564" h="0.0126582" legende="c9"/>
    <Rectangle w="0.0187713" x="0.366894" y="0.447907" h="0.0116845" legende="c10"/>
    <Rectangle w="0.0187713" x="0.366325" y="0.470302" h="0.0146056" legende="c11"/>
    <Rectangle w="0.0176337" x="0.367463" y="0.495618" h="0.0116845" legende="c12"/>
    <Rectangle w="0.0176337" x="0.366894" y="0.518014" h="0.0126582" legende="c13"/>
    <Rectangle w="0.0187713" x="0.366325" y="0.540409" h="0.0146056" legende="c14"/>
    <Rectangle w="0.0176337" x="0.366325" y="0.566699" h="0.0136319" legende="c15"/>
    <Rectangle w="0.0182025" x="0.366325" y="0.591042" h="0.0116845" legende="c16"/>
    <Rectangle w="0.0176337" x="0.366325" y="0.61149" h="0.0136319" legende="c17"/>
    <Rectangle w="0.00625711" x="0.623436" y="0.231743" h="0.0097371" legende="c18"/>
    <Rectangle w="0.00511945" x="0.624573" y="0.254138" h="0.0136319" legende="c19"/>
    <Rectangle w="0.0039818" x="0.625142" y="0.277507" h="0.0126582" legende="c20"/>
    <Rectangle w="0.00568828" x="0.624005" y="0.302824" h="0.0136319" legende="c21"/>
    <Rectangle w="0.00568828" x="0.624573" y="0.327166" h="0.0116845" legende="c22"/>
    <Rectangle w="0.00682594" x="0.623436" y="0.352483" h="0.0116845" legende="c23"/>
    <Rectangle w="0.00568828" x="0.623436" y="0.375852" h="0.0126582" legende="c24"/>
    <Rectangle w="0.00568828" x="0.623436" y="0.398247" h="0.0116845" legende="c25"/>
    <Rectangle w="0.00455063" x="0.624573" y="0.425511" h="0.00876339" legende="c26"/>
    <Rectangle w="0.00739477" x="0.622867" y="0.445959" h="0.0146056" legende="c27"/>
    <Rectangle w="0.00910125" x="0.62116" y="0.472249" h="0.0136319" legende="c28"/>
    <Rectangle w="0.00682594" x="0.622298" y="0.493671" h="0.0136319" legende="c29"/>
    <Rectangle w="0.00910125" x="0.620592" y="0.515092" h="0.0136319" legende="c30"/>
    <Rectangle w="0.00853242" x="0.621729" y="0.539435" h="0.0155794" legende="c31"/>
    <Rectangle w="0.00625711" x="0.621729" y="0.567673" h="0.0116845" legende="c32"/>
    <Rectangle w="0.00853242" x="0.620592" y="0.588121" h="0.0146056" legende="c33"/>
    <Rectangle w="0.00967008" x="0.620023" y="0.612463" h="0.0146056" legende="c34"/>
    <Rectangle w="0.0227531" x="0.0455063" y="0.673807" h="0.0175268" legende="dix"/>
    <Rectangle w="0.0284414" x="0.754835" y="0.675755" h="0.0204479" legende="onze"/>
    <Rectangle w="0.210466" x="0.0455063" y="0.672834" h="0.129503" legende="zoneA"/>
    <Rectangle w="0.213311" x="0.754266" y="0.676728" h="0.130477" legende="zoneB"/>
  </rectangles>
</CONSTAT_AXA>
