<?xml version="1.0" encoding="UTF-8"?>
<CONSTAT_AXA>
  <Date Date="01/10/2013"/>
  <Heure Heure="18h15"/>
  <Pays Pays="F"/>
  <Lieu Lieu="Montpellier Gallargues"/>
  <Blesses Is_Blesses="yes"/>
  <Degats>
    <Degats_voitures Is_Degats_sur_Voitures="no"/>
    <Degats_objets Is_Degats_sur_Objets="no"/>
  </Degats>
  <Circonstances>
    <Circonstance_Voiture_A numero_cases_cochees="1"/>
    <Circonstance_Voiture_B numero_cases_cochees="14"/>
  </Circonstances>
  <Zones_de_choc>
    <voiture_A zone="avant moto"/>
    <voiture_B zone="arrière du véhicule"/>
  </Zones_de_choc>
  <rectangles>
    <Rectangle w="0.0220418" x="0.00348028" y="0.0321678" h="0.0181818" legende="un"/>
    <Rectangle w="0.172854" x="0.00232019" y="0.034965" h="0.0321678" legende="date"/>
    <Rectangle w="0.0719258" x="0.174014" y="0.0321678" h="0.0335664" legende="heure"/>
    <Rectangle w="0.025522" x="0.24594" y="0.0293706" h="0.0181818" legende="deux"/>
    <Rectangle w="0.11949" x="0.2471" y="0.0307692" h="0.0321678" legende="localisation"/>
    <Rectangle w="0.204176" x="0.363109" y="0.0321678" h="0.0335664" legende="lieu"/>
    <Rectangle w="0.0243619" x="0.576566" y="0.027972" h="0.0195804" legende="trois"/>
    <Rectangle w="0.165893" x="0.576566" y="0.0265734" h="0.0391608" legende="blesses"/>
    <Rectangle w="0.0232019" x="0.00348028" y="0.0615385" h="0.020979" legende="quatre"/>
    <Rectangle w="0.156613" x="0.00348028" y="0.0643357" h="0.0601399" legende="blessesV"/>
    <Rectangle w="0.182135" x="0.157773" y="0.0657343" h="0.0517483" legende="blessesO"/>
    <Rectangle w="0.0162413" x="0.363109" y="0.186014" h="0.013986" legende="c1"/>
    <Rectangle w="0.0162413" x="0.360789" y="0.201399" h="0.0125874" legende="c2"/>
    <Rectangle w="0.0150812" x="0.361949" y="0.226573" h="0.0153846" legende="c3"/>
    <Rectangle w="0.0174014" x="0.360789" y="0.25035" h="0.0125874" legende="c4"/>
    <Rectangle w="0.0162413" x="0.360789" y="0.278322" h="0.0153846" legende="c5"/>
    <Rectangle w="0.0162413" x="0.360789" y="0.307692" h="0.0153846" legende="c6"/>
    <Rectangle w="0.0162413" x="0.360789" y="0.334266" h="0.013986" legende="c7"/>
    <Rectangle w="0.0150812" x="0.361949" y="0.365035" h="0.0111888" legende="c8"/>
    <Rectangle w="0.0162413" x="0.361949" y="0.401399" h="0.0153846" legende="c9"/>
    <Rectangle w="0.0150812" x="0.361949" y="0.433566" h="0.0125874" legende="c10"/>
    <Rectangle w="0.0150812" x="0.361949" y="0.454545" h="0.0111888" legende="c11"/>
    <Rectangle w="0.0162413" x="0.360789" y="0.474126" h="0.0125874" legende="c12"/>
    <Rectangle w="0.0139211" x="0.363109" y="0.492308" h="0.0153846" legende="c13"/>
    <Rectangle w="0.0174014" x="0.360789" y="0.514685" h="0.0111888" legende="c14"/>
    <Rectangle w="0.0174014" x="0.360789" y="0.532867" h="0.013986" legende="c15"/>
    <Rectangle w="0.0174014" x="0.360789" y="0.572028" h="0.0153846" legende="c16"/>
    <Rectangle w="0.012761" x="0.363109" y="0.601399" h="0.0153846" legende="c17"/>
    <Rectangle w="0.0197216" x="0.609049" y="0.183217" h="0.0125874" legende="c18"/>
    <Rectangle w="0.0174014" x="0.610209" y="0.198601" h="0.013986" legende="c19"/>
    <Rectangle w="0.0150812" x="0.611369" y="0.225175" h="0.013986" legende="c20"/>
    <Rectangle w="0.0174014" x="0.610209" y="0.247552" h="0.0125874" legende="c21"/>
    <Rectangle w="0.0150812" x="0.611369" y="0.276923" h="0.013986" legende="c22"/>
    <Rectangle w="0.0162413" x="0.611369" y="0.307692" h="0.0125874" legende="c23"/>
    <Rectangle w="0.0150812" x="0.611369" y="0.335664" h="0.0125874" legende="c24"/>
    <Rectangle w="0.0150812" x="0.611369" y="0.365035" h="0.0153846" legende="c25"/>
    <Rectangle w="0.0162413" x="0.611369" y="0.4" h="0.0153846" legende="c26"/>
    <Rectangle w="0.0174014" x="0.609049" y="0.433566" h="0.0125874" legende="c27"/>
    <Rectangle w="0.0150812" x="0.610209" y="0.454545" h="0.0111888" legende="c28"/>
    <Rectangle w="0.0174014" x="0.610209" y="0.474126" h="0.0125874" legende="c29"/>
    <Rectangle w="0.0162413" x="0.610209" y="0.493706" h="0.0111888" legende="c30"/>
    <Rectangle w="0.0162413" x="0.609049" y="0.514685" h="0.0111888" legende="c31"/>
    <Rectangle w="0.0162413" x="0.607889" y="0.532867" h="0.00979021" legende="c32"/>
    <Rectangle w="0.0185615" x="0.606729" y="0.572028" h="0.013986" legende="c33"/>
    <Rectangle w="0.0174014" x="0.609049" y="0.601399" h="0.0153846" legende="c34"/>
    <Rectangle w="0.0220418" x="0.00464037" y="0.718881" h="0.0237762" legende="dix"/>
    <Rectangle w="0.0243619" x="0.799304" y="0.718881" h="0.020979" legende="onze"/>
    <Rectangle w="0.180974" x="0.00348028" y="0.718881" h="0.131469" legende="zoneA"/>
    <Rectangle w="0.189095" x="0.800464" y="0.72028" h="0.132867" legende="zoneB"/>
  </rectangles>
</CONSTAT_AXA>
