<?xml version="1.0" encoding="UTF-8"?>
<CONSTAT_AXA>
  <Date Date="06/10/2013"/>
  <Heure Heure="12h15"/>
  <Pays Pays="France"/>
  <Lieu Lieu="croisement rue francis &#xa;boulevard léon blum"/>
  <Blesses Is_Blesses="no"/>
  <Degats>
    <Degats_voitures Is_Degats_sur_Voitures="no"/>
    <Degats_objets Is_Degats_sur_Objets="no"/>
  </Degats>
  <Circonstances>
    <Circonstance_Voiture_A numero_cases_cochees="13"/>
    <Circonstance_Voiture_B numero_cases_cochees=""/>
  </Circonstances>
  <Zones_de_choc>
    <voiture_A zone="côté droit "/>
    <voiture_B zone=""/>
  </Zones_de_choc>
  <rectangles>
    <Rectangle legende="un" w="0.0197216" x="0.0174014" y="0.0321678" h="0.0167832"/>
    <Rectangle legende="date" w="0.165893" x="0.0162413" y="0.0321678" h="0.0335664"/>
    <Rectangle legende="heure" w="0.0765661" x="0.180974" y="0.0335664" h="0.0335664"/>
    <Rectangle legende="deux" w="0.0208817" x="0.25522" y="0.0335664" h="0.0167832"/>
    <Rectangle legende="localisation" w="0.113689" x="0.25638" y="0.0335664" h="0.0405594"/>
    <Rectangle legende="lieu" w="0.204176" x="0.367749" y="0.0335664" h="0.041958"/>
    <Rectangle legende="trois" w="0.025522" x="0.569606" y="0.0335664" h="0.0195804"/>
    <Rectangle legende="blesses" w="0.164733" x="0.570766" y="0.0335664" h="0.0391608"/>
    <Rectangle legende="quatre" w="0.0208817" x="0.0185615" y="0.0741259" h="0.013986"/>
    <Rectangle legende="blessesV" w="0.153132" x="0.0185615" y="0.0713287" h="0.048951"/>
    <Rectangle legende="blessesO" w="0.174014" x="0.171694" y="0.0699301" h="0.0475524"/>
    <Rectangle legende="c1" w="0.0150812" x="0.366589" y="0.177622" h="0.0153846"/>
    <Rectangle legende="c2" w="0.0150812" x="0.366589" y="0.195804" h="0.0111888"/>
    <Rectangle legende="c3" w="0.012761" x="0.367749" y="0.229371" h="0.0111888"/>
    <Rectangle legende="c4" w="0.0139211" x="0.367749" y="0.248951" h="0.0125874"/>
    <Rectangle legende="c5" w="0.012761" x="0.366589" y="0.281119" h="0.0111888"/>
    <Rectangle legende="c6" w="0.0150812" x="0.366589" y="0.311888" h="0.0111888"/>
    <Rectangle legende="c7" w="0.0139211" x="0.366589" y="0.33986" h="0.0111888"/>
    <Rectangle legende="c8" w="0.0150812" x="0.366589" y="0.367832" h="0.0125874"/>
    <Rectangle legende="c9" w="0.0150812" x="0.366589" y="0.40979" h="0.0111888"/>
    <Rectangle legende="c10" w="0.0150812" x="0.366589" y="0.436364" h="0.013986"/>
    <Rectangle legende="c11" w="0.0150812" x="0.365429" y="0.457343" h="0.0111888"/>
    <Rectangle legende="c12" w="0.0139211" x="0.367749" y="0.475524" h="0.0111888"/>
    <Rectangle legende="c13" w="0.0139211" x="0.367749" y="0.495105" h="0.00979021"/>
    <Rectangle legende="c14" w="0.012761" x="0.367749" y="0.513287" h="0.0125874"/>
    <Rectangle legende="c15" w="0.0150812" x="0.366589" y="0.534266" h="0.00979021"/>
    <Rectangle legende="c16" w="0.0139211" x="0.367749" y="0.572028" h="0.0111888"/>
    <Rectangle legende="c17" w="0.012761" x="0.367749" y="0.602797" h="0.0125874"/>
    <Rectangle legende="c18" w="0.0150812" x="0.614849" y="0.18042" h="0.013986"/>
    <Rectangle legende="c19" w="0.0139211" x="0.616009" y="0.195804" h="0.0111888"/>
    <Rectangle legende="c20" w="0.0162413" x="0.614849" y="0.229371" h="0.0111888"/>
    <Rectangle legende="c21" w="0.0139211" x="0.614849" y="0.247552" h="0.0125874"/>
    <Rectangle legende="c22" w="0.0139211" x="0.614849" y="0.27972" h="0.0111888"/>
    <Rectangle legende="c23" w="0.0139211" x="0.616009" y="0.31049" h="0.0111888"/>
    <Rectangle legende="c24" w="0.012761" x="0.616009" y="0.338462" h="0.0125874"/>
    <Rectangle legende="c25" w="0.012761" x="0.616009" y="0.367832" h="0.0111888"/>
    <Rectangle legende="c26" w="0.0150812" x="0.614849" y="0.40979" h="0.0111888"/>
    <Rectangle legende="c27" w="0.0150812" x="0.613689" y="0.437762" h="0.013986"/>
    <Rectangle legende="c28" w="0.0150812" x="0.613689" y="0.458741" h="0.0111888"/>
    <Rectangle legende="c29" w="0.012761" x="0.614849" y="0.476923" h="0.00979021"/>
    <Rectangle legende="c30" w="0.012761" x="0.614849" y="0.492308" h="0.0125874"/>
    <Rectangle legende="c31" w="0.012761" x="0.616009" y="0.513287" h="0.0111888"/>
    <Rectangle legende="c32" w="0.012761" x="0.616009" y="0.532867" h="0.0125874"/>
    <Rectangle legende="c33" w="0.012761" x="0.616009" y="0.572028" h="0.0153846"/>
    <Rectangle legende="c34" w="0.0174014" x="0.614849" y="0.604196" h="0.0125874"/>
    <Rectangle legende="dix" w="0.0197216" x="0.0174014" y="0.714685" h="0.0181818"/>
    <Rectangle legende="onze" w="0.0220418" x="0.799304" y="0.711888" h="0.0223776"/>
    <Rectangle legende="zoneA" w="0.171694" x="0.0185615" y="0.713287" h="0.144056"/>
    <Rectangle legende="zoneB" w="0.172854" x="0.802784" y="0.714685" h="0.132867"/>
  </rectangles>
</CONSTAT_AXA>
