<?xml version="1.0" encoding="UTF-8"?>
<CONSTAT_AXA>
  <Date Date="06/10/2013"/>
  <Heure Heure="12h20"/>
  <Pays Pays="France"/>
  <Lieu Lieu="Besançon&#xa;Croisement bld  Blum"/>
  <Blesses Is_Blesses="no"/>
  <Degats>
    <Degats_voitures Is_Degats_sur_Voitures="no"/>
    <Degats_objets Is_Degats_sur_Objets="no"/>
  </Degats>
  <Circonstances>
    <Circonstance_Voiture_A numero_cases_cochees=""/>
    <Circonstance_Voiture_B numero_cases_cochees="17"/>
  </Circonstances>
  <Zones_de_choc>
    <voiture_A zone="avant droit "/>
    <voiture_B zone="côté droit "/>
  </Zones_de_choc>
  <rectangles>
    <Rectangle w="0.0208817" x="0.0162413" y="0.0517483" h="0.0153846" legende="un"/>
    <Rectangle w="0.168213" x="0.0139211" y="0.048951" h="0.0377622" legende="date"/>
    <Rectangle w="0.0696056" x="0.179814" y="0.048951" h="0.0377622" legende="heure"/>
    <Rectangle w="0.0197216" x="0.25522" y="0.0531469" h="0.013986" legende="deux"/>
    <Rectangle w="0.113689" x="0.25522" y="0.0503496" h="0.0363636" legende="localisation"/>
    <Rectangle w="0.212297" x="0.365429" y="0.048951" h="0.0377622" legende="lieu"/>
    <Rectangle w="0.0232019" x="0.575406" y="0.048951" h="0.0181818" legende="trois"/>
    <Rectangle w="0.160093" x="0.577726" y="0.048951" h="0.0307692" legende="blesses"/>
    <Rectangle w="0.0185615" x="0.0162413" y="0.0881119" h="0.0153846" legende="quatre"/>
    <Rectangle w="0.158933" x="0.0150812" y="0.0867133" h="0.0433566" legende="blessesV"/>
    <Rectangle w="0.176334" x="0.171694" y="0.0853147" h="0.0461538" legende="blessesO"/>
    <Rectangle w="0.012761" x="0.367749" y="0.197203" h="0.0111888" legende="c1"/>
    <Rectangle w="0.0139211" x="0.366589" y="0.208392" h="0.0125874" legende="c2"/>
    <Rectangle w="0.0150812" x="0.366589" y="0.237762" h="0.0125874" legende="c3"/>
    <Rectangle w="0.0139211" x="0.367749" y="0.257343" h="0.0125874" legende="c4"/>
    <Rectangle w="0.0139211" x="0.367749" y="0.288112" h="0.0111888" legende="c5"/>
    <Rectangle w="0.0139211" x="0.367749" y="0.317483" h="0.0125874" legende="c6"/>
    <Rectangle w="0.012761" x="0.36891" y="0.348252" h="0.013986" legende="c7"/>
    <Rectangle w="0.0150812" x="0.366589" y="0.379021" h="0.0111888" legende="c8"/>
    <Rectangle w="0.0104408" x="0.37007" y="0.41958" h="0.0125874" legende="c9"/>
    <Rectangle w="0.012761" x="0.36891" y="0.448951" h="0.0111888" legende="c10"/>
    <Rectangle w="0.0139211" x="0.36891" y="0.468531" h="0.00979021" legende="c11"/>
    <Rectangle w="0.0116009" x="0.37007" y="0.486713" h="0.0111888" legende="c12"/>
    <Rectangle w="0.012761" x="0.37007" y="0.506294" h="0.0111888" legende="c13"/>
    <Rectangle w="0.0104408" x="0.37007" y="0.524476" h="0.00979021" legende="c14"/>
    <Rectangle w="0.0104408" x="0.37123" y="0.542657" h="0.013986" legende="c15"/>
    <Rectangle w="0.0116009" x="0.37007" y="0.58042" h="0.0125874" legende="c16"/>
    <Rectangle w="0.012761" x="0.36891" y="0.612587" h="0.0111888" legende="c17"/>
    <Rectangle w="0.0116009" x="0.614849" y="0.195804" h="0.0111888" legende="c18"/>
    <Rectangle w="0.012761" x="0.613689" y="0.206993" h="0.0111888" legende="c19"/>
    <Rectangle w="0.012761" x="0.616009" y="0.236364" h="0.00979021" legende="c20"/>
    <Rectangle w="0.0116009" x="0.616009" y="0.257343" h="0.00839161" legende="c21"/>
    <Rectangle w="0.0116009" x="0.614849" y="0.286713" h="0.0111888" legende="c22"/>
    <Rectangle w="0.0116009" x="0.614849" y="0.318881" h="0.0111888" legende="c23"/>
    <Rectangle w="0.0150812" x="0.613689" y="0.34965" h="0.00979021" legende="c24"/>
    <Rectangle w="0.012761" x="0.614849" y="0.377622" h="0.0125874" legende="c25"/>
    <Rectangle w="0.012761" x="0.614849" y="0.41958" h="0.0125874" legende="c26"/>
    <Rectangle w="0.0139211" x="0.616009" y="0.447552" h="0.0125874" legende="c27"/>
    <Rectangle w="0.0116009" x="0.617169" y="0.468531" h="0.0111888" legende="c28"/>
    <Rectangle w="0.0116009" x="0.616009" y="0.488112" h="0.00839161" legende="c29"/>
    <Rectangle w="0.0104408" x="0.617169" y="0.503497" h="0.00979021" legende="c30"/>
    <Rectangle w="0.012761" x="0.616009" y="0.523077" h="0.00979021" legende="c31"/>
    <Rectangle w="0.0139211" x="0.614849" y="0.542657" h="0.0125874" legende="c32"/>
    <Rectangle w="0.012761" x="0.616009" y="0.581818" h="0.0111888" legende="c33"/>
    <Rectangle w="0.0139211" x="0.616009" y="0.606993" h="0.0167832" legende="c34"/>
    <Rectangle w="0.0197216" x="0.0197216" y="0.72028" h="0.020979" legende="dix"/>
    <Rectangle w="0.0185615" x="0.803944" y="0.721678" h="0.0167832" legende="onze"/>
    <Rectangle w="0.177494" x="0.0174014" y="0.723077" h="0.134266" legende="zoneA"/>
    <Rectangle w="0.176334" x="0.803944" y="0.72028" h="0.127273" legende="zoneB"/>
  </rectangles>
</CONSTAT_AXA>
