<?xml version="1.0" encoding="UTF-8"?>
<CONSTAT_AXA>
  <Date Date="03/08/2013"/>
  <Heure Heure="08h10"/>
  <Pays Pays="Mauriac"/>
  <Lieu Lieu="Boulvard Monthyon (15)"/>
  <Blesses Is_Blesses="no"/>
  <Degats>
    <Degats_voitures Is_Degats_sur_Voitures="no"/>
    <Degats_objets Is_Degats_sur_Objets="no"/>
  </Degats>
  <Circonstances>
    <Circonstance_Voiture_A numero_cases_cochees="2;14"/>
    <Circonstance_Voiture_B numero_cases_cochees="2;14"/>
  </Circonstances>
  <Zones_de_choc>
    <voiture_A zone="arrière droit"/>
    <voiture_B zone="arrière gauche"/>
  </Zones_de_choc>
  <rectangles>
    <Rectangle legende="un" w="0.0150812" x="0.0208817" y="0.0531469" h="0.0167832"/>
    <Rectangle legende="date" w="0.163573" x="0.0197216" y="0.0517483" h="0.0321678"/>
    <Rectangle legende="heure" w="0.0730858" x="0.180974" y="0.0503496" h="0.0335664"/>
    <Rectangle legende="deux" w="0.0197216" x="0.257541" y="0.0517483" h="0.0167832"/>
    <Rectangle legende="localisation" w="0.116009" x="0.25638" y="0.0503496" h="0.0335664"/>
    <Rectangle legende="lieu" w="0.199536" x="0.36891" y="0.0517483" h="0.048951"/>
    <Rectangle legende="trois" w="0.0197216" x="0.576566" y="0.0503496" h="0.0167832"/>
    <Rectangle legende="blesses" w="0.156613" x="0.577726" y="0.0503496" h="0.0363636"/>
    <Rectangle legende="quatre" w="0.0208817" x="0.0185615" y="0.0853147" h="0.0153846"/>
    <Rectangle legende="blessesV" w="0.153132" x="0.0208817" y="0.0853147" h="0.0475524"/>
    <Rectangle legende="blessesO" w="0.174014" x="0.172854" y="0.0839161" h="0.0475524"/>
    <Rectangle legende="c1" w="0.0185615" x="0.366589" y="0.197203" h="0.0111888"/>
    <Rectangle legende="c2" w="0.0174014" x="0.366589" y="0.208392" h="0.013986"/>
    <Rectangle legende="c3" w="0.0150812" x="0.36891" y="0.237762" h="0.0125874"/>
    <Rectangle legende="c4" w="0.0150812" x="0.36891" y="0.257343" h="0.0125874"/>
    <Rectangle legende="c5" w="0.0174014" x="0.367749" y="0.286713" h="0.013986"/>
    <Rectangle legende="c6" w="0.0162413" x="0.367749" y="0.317483" h="0.0125874"/>
    <Rectangle legende="c7" w="0.0162413" x="0.367749" y="0.345455" h="0.013986"/>
    <Rectangle legende="c8" w="0.0150812" x="0.367749" y="0.377622" h="0.0125874"/>
    <Rectangle legende="c9" w="0.0139211" x="0.37007" y="0.415385" h="0.0153846"/>
    <Rectangle legende="c10" w="0.012761" x="0.37007" y="0.447552" h="0.0125874"/>
    <Rectangle legende="c11" w="0.012761" x="0.37123" y="0.467133" h="0.0111888"/>
    <Rectangle legende="c12" w="0.012761" x="0.37007" y="0.485315" h="0.00839161"/>
    <Rectangle legende="c13" w="0.0150812" x="0.37007" y="0.503497" h="0.00979021"/>
    <Rectangle legende="c14" w="0.0116009" x="0.37123" y="0.521678" h="0.00979021"/>
    <Rectangle legende="c15" w="0.0150812" x="0.36891" y="0.53986" h="0.00979021"/>
    <Rectangle legende="c16" w="0.0139211" x="0.37007" y="0.577622" h="0.0153846"/>
    <Rectangle legende="c17" w="0.0139211" x="0.37007" y="0.608392" h="0.0125874"/>
    <Rectangle legende="c18" w="0.0162413" x="0.612529" y="0.197203" h="0.0111888"/>
    <Rectangle legende="c19" w="0.0162413" x="0.614849" y="0.20979" h="0.0125874"/>
    <Rectangle legende="c20" w="0.0150812" x="0.614849" y="0.239161" h="0.0111888"/>
    <Rectangle legende="c21" w="0.0162413" x="0.612529" y="0.257343" h="0.013986"/>
    <Rectangle legende="c22" w="0.0162413" x="0.613689" y="0.286713" h="0.0125874"/>
    <Rectangle legende="c23" w="0.0150812" x="0.613689" y="0.316084" h="0.0125874"/>
    <Rectangle legende="c24" w="0.0162413" x="0.613689" y="0.348252" h="0.0125874"/>
    <Rectangle legende="c25" w="0.0162413" x="0.613689" y="0.376224" h="0.0125874"/>
    <Rectangle legende="c26" w="0.0162413" x="0.613689" y="0.416783" h="0.0111888"/>
    <Rectangle legende="c27" w="0.0162413" x="0.612529" y="0.447552" h="0.0111888"/>
    <Rectangle legende="c28" w="0.0150812" x="0.614849" y="0.465734" h="0.0125874"/>
    <Rectangle legende="c29" w="0.0162413" x="0.614849" y="0.485315" h="0.00979021"/>
    <Rectangle legende="c30" w="0.0150812" x="0.614849" y="0.502098" h="0.0111888"/>
    <Rectangle legende="c31" w="0.0174014" x="0.612529" y="0.521678" h="0.0125874"/>
    <Rectangle legende="c32" w="0.0150812" x="0.614849" y="0.53986" h="0.013986"/>
    <Rectangle legende="c33" w="0.0174014" x="0.613689" y="0.58042" h="0.0111888"/>
    <Rectangle legende="c34" w="0.0150812" x="0.614849" y="0.608392" h="0.0111888"/>
    <Rectangle legende="dix" w="0.0232019" x="0.0197216" y="0.717483" h="0.0195804"/>
    <Rectangle legende="onze" w="0.0243619" x="0.803944" y="0.717483" h="0.0195804"/>
    <Rectangle legende="zoneA" w="0.180974" x="0.0185615" y="0.716084" h="0.134266"/>
    <Rectangle legende="zoneB" w="0.180974" x="0.801624" y="0.714685" h="0.13007"/>
  </rectangles>
</CONSTAT_AXA>
