<?xml version="1.0" encoding="UTF-8"?>
<CONSTAT_AXA>
  <Date Date="05/11/2013"/>
  <Heure Heure="10h00"/>
  <Pays Pays="France"/>
  <Lieu Lieu="98 quai des carriere&#xa;charenton le pont"/>
  <Blesses Is_Blesses="no"/>
  <Degats>
    <Degats_voitures Is_Degats_sur_Voitures="no"/>
    <Degats_objets Is_Degats_sur_Objets="no"/>
  </Degats>
  <Circonstances>
    <Circonstance_Voiture_A numero_cases_cochees="2;14"/>
    <Circonstance_Voiture_B numero_cases_cochees="1"/>
  </Circonstances>
  <Zones_de_choc>
    <voiture_A zone="arrière "/>
    <voiture_B zone=""/>
  </Zones_de_choc>
  <rectangles>
    <Rectangle w="0.0220418" x="0.0116009" y="0.0265734" h="0.0167832" legende="un"/>
    <Rectangle w="0.175174" x="0.012761" y="0.0265734" h="0.0363636" legende="date"/>
    <Rectangle w="0.0719258" x="0.184455" y="0.0265734" h="0.034965" legende="heure"/>
    <Rectangle w="0.0243619" x="0.25406" y="0.027972" h="0.0181818" legende="deux"/>
    <Rectangle w="0.110209" x="0.25522" y="0.0237762" h="0.034965" legende="localisation"/>
    <Rectangle w="0.208817" x="0.363109" y="0.0251748" h="0.041958" legende="lieu"/>
    <Rectangle w="0.0243619" x="0.580046" y="0.027972" h="0.0181818" legende="trois"/>
    <Rectangle w="0.160093" x="0.580046" y="0.0251748" h="0.0363636" legende="blesses"/>
    <Rectangle w="0.0220418" x="0.012761" y="0.0629371" h="0.0195804" legende="quatre"/>
    <Rectangle w="0.161253" x="0.0150812" y="0.0629371" h="0.0517483" legende="blessesV"/>
    <Rectangle w="0.183295" x="0.174014" y="0.0629371" h="0.0475524" legende="blessesO"/>
    <Rectangle w="0.0139211" x="0.37007" y="0.181818" h="0.0111888" legende="c1"/>
    <Rectangle w="0.0150812" x="0.36891" y="0.197203" h="0.0111888" legende="c2"/>
    <Rectangle w="0.012761" x="0.37123" y="0.225175" h="0.013986" legende="c3"/>
    <Rectangle w="0.0150812" x="0.37007" y="0.248951" h="0.0125874" legende="c4"/>
    <Rectangle w="0.0150812" x="0.37007" y="0.27972" h="0.00979021" legende="c5"/>
    <Rectangle w="0.0150812" x="0.37007" y="0.307692" h="0.0125874" legende="c6"/>
    <Rectangle w="0.0150812" x="0.37007" y="0.33986" h="0.0111888" legende="c7"/>
    <Rectangle w="0.0150812" x="0.37007" y="0.367832" h="0.0125874" legende="c8"/>
    <Rectangle w="0.0150812" x="0.37007" y="0.408392" h="0.013986" legende="c9"/>
    <Rectangle w="0.0162413" x="0.36891" y="0.439161" h="0.0111888" legende="c10"/>
    <Rectangle w="0.0139211" x="0.37007" y="0.458741" h="0.00979021" legende="c11"/>
    <Rectangle w="0.0150812" x="0.37007" y="0.478322" h="0.0125874" legende="c12"/>
    <Rectangle w="0.0150812" x="0.37007" y="0.497902" h="0.0111888" legende="c13"/>
    <Rectangle w="0.0162413" x="0.36891" y="0.52028" h="0.00979021" legende="c14"/>
    <Rectangle w="0.0162413" x="0.37007" y="0.538462" h="0.0111888" legende="c15"/>
    <Rectangle w="0.0150812" x="0.37123" y="0.58042" h="0.0125874" legende="c16"/>
    <Rectangle w="0.012761" x="0.37239" y="0.606993" h="0.0153846" legende="c17"/>
    <Rectangle w="0.0150812" x="0.616009" y="0.181818" h="0.0125874" legende="c18"/>
    <Rectangle w="0.0139211" x="0.617169" y="0.197203" h="0.0111888" legende="c19"/>
    <Rectangle w="0.0162413" x="0.616009" y="0.227972" h="0.00979021" legende="c20"/>
    <Rectangle w="0.0139211" x="0.617169" y="0.247552" h="0.013986" legende="c21"/>
    <Rectangle w="0.012761" x="0.617169" y="0.278322" h="0.0111888" legende="c22"/>
    <Rectangle w="0.012761" x="0.618329" y="0.307692" h="0.0125874" legende="c23"/>
    <Rectangle w="0.0139211" x="0.618329" y="0.338462" h="0.013986" legende="c24"/>
    <Rectangle w="0.0162413" x="0.617169" y="0.367832" h="0.0125874" legende="c25"/>
    <Rectangle w="0.0162413" x="0.618329" y="0.408392" h="0.0111888" legende="c26"/>
    <Rectangle w="0.0162413" x="0.618329" y="0.437762" h="0.0111888" legende="c27"/>
    <Rectangle w="0.0162413" x="0.61949" y="0.458741" h="0.013986" legende="c28"/>
    <Rectangle w="0.0185615" x="0.617169" y="0.47972" h="0.0111888" legende="c29"/>
    <Rectangle w="0.0139211" x="0.62065" y="0.500699" h="0.00979021" legende="c30"/>
    <Rectangle w="0.0150812" x="0.618329" y="0.52028" h="0.0125874" legende="c31"/>
    <Rectangle w="0.0139211" x="0.62065" y="0.538462" h="0.0125874" legende="c32"/>
    <Rectangle w="0.012761" x="0.62065" y="0.579021" h="0.0125874" legende="c33"/>
    <Rectangle w="0.0150812" x="0.61949" y="0.60979" h="0.013986" legende="c34"/>
    <Rectangle w="0.0220418" x="0.0185615" y="0.72028" h="0.0195804" legende="dix"/>
    <Rectangle w="0.0243619" x="0.807425" y="0.716084" h="0.0223776" legende="onze"/>
    <Rectangle w="0.171694" x="0.0197216" y="0.72028" h="0.132867" legende="zoneA"/>
    <Rectangle w="0.177494" x="0.808585" y="0.717483" h="0.132867" legende="zoneB"/>
  </rectangles>
</CONSTAT_AXA>
