<?xml version="1.0" encoding="UTF-8"?>
<CONSTAT_AXA>
  <Date Date="09/10/2013"/>
  <Heure Heure="17h00"/>
  <Pays Pays=""/>
  <Lieu Lieu="17580 Le Bois en Re"/>
  <Blesses Is_Blesses="no"/>
  <Degats>
    <Degats_voitures Is_Degats_sur_Voitures="no"/>
    <Degats_objets Is_Degats_sur_Objets="no"/>
  </Degats>
  <Circonstances>
    <Circonstance_Voiture_A numero_cases_cochees=""/>
    <Circonstance_Voiture_B numero_cases_cochees="16"/>
  </Circonstances>
  <Zones_de_choc>
    <voiture_A zone="avant droit "/>
    <voiture_B zone="avant milieu gauche"/>
  </Zones_de_choc>
  <rectangles>
    <Rectangle w="0.0220418" x="0.0150812" y="0.0461538" h="0.0181818" legende="un"/>
    <Rectangle w="0.168213" x="0.0150812" y="0.0475524" h="0.0335664" legende="date"/>
    <Rectangle w="0.0719258" x="0.180974" y="0.0475524" h="0.034965" legende="heure"/>
    <Rectangle w="0.0162413" x="0.258701" y="0.0503496" h="0.0181818" legende="deux"/>
    <Rectangle w="0.112529" x="0.257541" y="0.0475524" h="0.0335664" legende="localisation"/>
    <Rectangle w="0.205336" x="0.37007" y="0.0433566" h="0.0405594" legende="lieu"/>
    <Rectangle w="0.0208817" x="0.577726" y="0.0447552" h="0.0195804" legende="trois"/>
    <Rectangle w="0.160093" x="0.576566" y="0.0447552" h="0.0391608" legende="blesses"/>
    <Rectangle w="0.0232019" x="0.012761" y="0.0797203" h="0.020979" legende="quatre"/>
    <Rectangle w="0.155452" x="0.0162413" y="0.0839161" h="0.0433566" legende="blessesV"/>
    <Rectangle w="0.172854" x="0.171694" y="0.0811189" h="0.048951" legende="blessesO"/>
    <Rectangle w="0.0139211" x="0.37007" y="0.194406" h="0.0111888" legende="c1"/>
    <Rectangle w="0.0139211" x="0.37007" y="0.206993" h="0.0125874" legende="c2"/>
    <Rectangle w="0.0174014" x="0.366589" y="0.236364" h="0.0125874" legende="c3"/>
    <Rectangle w="0.0139211" x="0.36891" y="0.254545" h="0.0125874" legende="c4"/>
    <Rectangle w="0.012761" x="0.36891" y="0.282517" h="0.0125874" legende="c5"/>
    <Rectangle w="0.0162413" x="0.367749" y="0.313287" h="0.0125874" legende="c6"/>
    <Rectangle w="0.0174014" x="0.366589" y="0.342657" h="0.013986" legende="c7"/>
    <Rectangle w="0.0150812" x="0.367749" y="0.373427" h="0.013986" legende="c8"/>
    <Rectangle w="0.0139211" x="0.367749" y="0.413986" h="0.0125874" legende="c9"/>
    <Rectangle w="0.0139211" x="0.367749" y="0.443357" h="0.0125874" legende="c10"/>
    <Rectangle w="0.0150812" x="0.367749" y="0.464336" h="0.0111888" legende="c11"/>
    <Rectangle w="0.0150812" x="0.36891" y="0.483916" h="0.0111888" legende="c12"/>
    <Rectangle w="0.0150812" x="0.367749" y="0.497902" h="0.013986" legende="c13"/>
    <Rectangle w="0.0139211" x="0.36891" y="0.517483" h="0.0111888" legende="c14"/>
    <Rectangle w="0.0150812" x="0.367749" y="0.535664" h="0.013986" legende="c15"/>
    <Rectangle w="0.0150812" x="0.366589" y="0.576224" h="0.013986" legende="c16"/>
    <Rectangle w="0.0162413" x="0.367749" y="0.604196" h="0.0111888" legende="c17"/>
    <Rectangle w="0.0174014" x="0.614849" y="0.193007" h="0.013986" legende="c18"/>
    <Rectangle w="0.0150812" x="0.616009" y="0.204196" h="0.0153846" legende="c19"/>
    <Rectangle w="0.0174014" x="0.614849" y="0.234965" h="0.0125874" legende="c20"/>
    <Rectangle w="0.0174014" x="0.614849" y="0.253147" h="0.013986" legende="c21"/>
    <Rectangle w="0.0139211" x="0.617169" y="0.286713" h="0.00979021" legende="c22"/>
    <Rectangle w="0.0185615" x="0.614849" y="0.313287" h="0.013986" legende="c23"/>
    <Rectangle w="0.0162413" x="0.616009" y="0.342657" h="0.0153846" legende="c24"/>
    <Rectangle w="0.0162413" x="0.616009" y="0.374825" h="0.00979021" legende="c25"/>
    <Rectangle w="0.0150812" x="0.617169" y="0.413986" h="0.0125874" legende="c26"/>
    <Rectangle w="0.0139211" x="0.616009" y="0.444755" h="0.013986" legende="c27"/>
    <Rectangle w="0.0162413" x="0.614849" y="0.464336" h="0.00979021" legende="c28"/>
    <Rectangle w="0.0150812" x="0.616009" y="0.481119" h="0.013986" legende="c29"/>
    <Rectangle w="0.0150812" x="0.616009" y="0.499301" h="0.013986" legende="c30"/>
    <Rectangle w="0.0104408" x="0.618329" y="0.518881" h="0.0111888" legende="c31"/>
    <Rectangle w="0.012761" x="0.616009" y="0.538462" h="0.0111888" legende="c32"/>
    <Rectangle w="0.0162413" x="0.616009" y="0.573427" h="0.0181818" legende="c33"/>
    <Rectangle w="0.0150812" x="0.616009" y="0.604196" h="0.0167832" legende="c34"/>
    <Rectangle w="0.0232019" x="0.0139211" y="0.716084" h="0.0195804" legende="dix"/>
    <Rectangle w="0.0220418" x="0.806265" y="0.713287" h="0.0195804" legende="onze"/>
    <Rectangle w="0.177494" x="0.0139211" y="0.714685" h="0.132867" legende="zoneA"/>
    <Rectangle w="0.177494" x="0.806265" y="0.716084" h="0.128671" legende="zoneB"/>
  </rectangles>
</CONSTAT_AXA>
