<?xml version="1.0" encoding="UTF-8"?>
<CONSTAT_AXA>
  <Date Date="04/10/2013"/>
  <Heure Heure="17h00"/>
  <Pays Pays="France"/>
  <Lieu Lieu="Blagnac"/>
  <Blesses Is_Blesses="no"/>
  <Degats>
    <Degats_voitures Is_Degats_sur_Voitures="no"/>
    <Degats_objets Is_Degats_sur_Objets="no"/>
  </Degats>
  <Circonstances>
    <Circonstance_Voiture_A numero_cases_cochees=""/>
    <Circonstance_Voiture_B numero_cases_cochees="8"/>
  </Circonstances>
  <Zones_de_choc>
    <voiture_A zone="Arrière"/>
    <voiture_B zone=""/>
  </Zones_de_choc>
  <rectangles>
    <Rectangle x="0.0324826" y="0.0237762" h="0.020979" w="0.0185615" legende="un"/>
    <Rectangle x="0.0324826" y="0.0251748" h="0.034965" w="0.165893" legende="date"/>
    <Rectangle x="0.198376" y="0.0237762" h="0.0335664" w="0.0672854" legende="heure"/>
    <Rectangle x="0.270302" y="0.0265734" h="0.0167832" w="0.0174014" legende="deux"/>
    <Rectangle x="0.267981" y="0.0251748" h="0.0363636" w="0.111369" legende="localisation"/>
    <Rectangle x="0.37587" y="0.0251748" h="0.0363636" w="0.206497" legende="lieu"/>
    <Rectangle x="0.590487" y="0.027972" h="0.0181818" w="0.0185615" legende="trois"/>
    <Rectangle x="0.590487" y="0.0251748" h="0.041958" w="0.156613" legende="blesses"/>
    <Rectangle x="0.0359629" y="0.0615385" h="0.0195804" w="0.0174014" legende="quatre"/>
    <Rectangle x="0.0348028" y="0.0615385" h="0.0531469" w="0.150812" legende="blessesV"/>
    <Rectangle x="0.186775" y="0.0643357" h="0.048951" w="0.169374" legende="blessesO"/>
    <Rectangle x="0.37703" y="0.174825" h="0.0111888" w="0.0162413" legende="c1"/>
    <Rectangle x="0.37703" y="0.187413" h="0.0153846" w="0.0162413" legende="c2"/>
    <Rectangle x="0.37819" y="0.218182" h="0.013986" w="0.0139211" legende="c3"/>
    <Rectangle x="0.37819" y="0.236364" h="0.0153846" w="0.012761" legende="c4"/>
    <Rectangle x="0.37703" y="0.268531" h="0.013986" w="0.0139211" legende="c5"/>
    <Rectangle x="0.37703" y="0.299301" h="0.0111888" w="0.0139211" legende="c6"/>
    <Rectangle x="0.37703" y="0.331469" h="0.00979021" w="0.0139211" legende="c7"/>
    <Rectangle x="0.37819" y="0.362238" h="0.0111888" w="0.012761" legende="c8"/>
    <Rectangle x="0.37703" y="0.402797" h="0.0125874" w="0.012761" legende="c9"/>
    <Rectangle x="0.37819" y="0.433566" h="0.00979021" w="0.012761" legende="c10"/>
    <Rectangle x="0.37819" y="0.453147" h="0.00979021" w="0.012761" legende="c11"/>
    <Rectangle x="0.37703" y="0.471329" h="0.00979021" w="0.012761" legende="c12"/>
    <Rectangle x="0.37703" y="0.490909" h="0.00839161" w="0.012761" legende="c13"/>
    <Rectangle x="0.37819" y="0.509091" h="0.0111888" w="0.0104408" legende="c14"/>
    <Rectangle x="0.37703" y="0.527273" h="0.0111888" w="0.0139211" legende="c15"/>
    <Rectangle x="0.37819" y="0.570629" h="0.0111888" w="0.0139211" legende="c16"/>
    <Rectangle x="0.37587" y="0.597203" h="0.013986" w="0.0139211" legende="c17"/>
    <Rectangle x="0.62297" y="0.174825" h="0.0125874" w="0.0162413" legende="c18"/>
    <Rectangle x="0.62297" y="0.19021" h="0.0125874" w="0.0150812" legende="c19"/>
    <Rectangle x="0.62181" y="0.220979" h="0.013986" w="0.0174014" legende="c20"/>
    <Rectangle x="0.62297" y="0.240559" h="0.0125874" w="0.0139211" legende="c21"/>
    <Rectangle x="0.62297" y="0.267133" h="0.0167832" w="0.0162413" legende="c22"/>
    <Rectangle x="0.62413" y="0.300699" h="0.00979021" w="0.012761" legende="c23"/>
    <Rectangle x="0.62297" y="0.331469" h="0.013986" w="0.0139211" legende="c24"/>
    <Rectangle x="0.62413" y="0.359441" h="0.0125874" w="0.0139211" legende="c25"/>
    <Rectangle x="0.62297" y="0.402797" h="0.013986" w="0.0139211" legende="c26"/>
    <Rectangle x="0.62181" y="0.433566" h="0.0125874" w="0.0139211" legende="c27"/>
    <Rectangle x="0.62181" y="0.453147" h="0.0111888" w="0.0150812" legende="c28"/>
    <Rectangle x="0.62297" y="0.471329" h="0.0125874" w="0.0139211" legende="c29"/>
    <Rectangle x="0.62297" y="0.490909" h="0.0111888" w="0.0139211" legende="c30"/>
    <Rectangle x="0.62181" y="0.506294" h="0.0153846" w="0.0174014" legende="c31"/>
    <Rectangle x="0.62181" y="0.528671" h="0.0111888" w="0.012761" legende="c32"/>
    <Rectangle x="0.62181" y="0.569231" h="0.00979021" w="0.0150812" legende="c33"/>
    <Rectangle x="0.62297" y="0.595804" h="0.0125874" w="0.012761" legende="c34"/>
    <Rectangle x="0.0313225" y="0.71049" h="0.0181818" w="0.0197216" legende="dix"/>
    <Rectangle x="0.807425" y="0.709091" h="0.0223776" w="0.0208817" legende="onze"/>
    <Rectangle x="0.0290023" y="0.71049" h="0.131469" w="0.176334" legende="zoneA"/>
    <Rectangle x="0.805104" y="0.706294" h="0.137063" w="0.179814" legende="zoneB"/>
  </rectangles>
</CONSTAT_AXA>
