<?xml version="1.0" encoding="UTF-8"?>
<CONSTAT_AXA>
  <Date Date="14/09/2013"/>
  <Heure Heure="11h45"/>
  <Pays Pays="France"/>
  <Lieu Lieu="Avenur Colmar&#xa;Mulhouse&#x9;"/>
  <Blesses Is_Blesses="yes"/>
  <Degats>
    <Degats_voitures Is_Degats_sur_Voitures="no"/>
    <Degats_objets Is_Degats_sur_Objets="no"/>
  </Degats>
  <Circonstances>
    <Circonstance_Voiture_A numero_cases_cochees=""/>
    <Circonstance_Voiture_B numero_cases_cochees=""/>
  </Circonstances>
  <Zones_de_choc>
    <voiture_A zone="avant droit"/>
    <voiture_B zone=""/>
  </Zones_de_choc>
  <rectangles>
    <Rectangle legende="un" w="0.0243619" x="0.0116009" y="0.027972" h="0.0181818"/>
    <Rectangle legende="date" w="0.170534" x="0.0139211" y="0.0293706" h="0.034965"/>
    <Rectangle legende="heure" w="0.0696056" x="0.183295" y="0.0293706" h="0.0335664"/>
    <Rectangle legende="deux" w="0.0232019" x="0.25406" y="0.0237762" h="0.0223776"/>
    <Rectangle legende="localisation" w="0.118329" x="0.25406" y="0.0251748" h="0.0335664"/>
    <Rectangle legende="lieu" w="0.199536" x="0.37007" y="0.0265734" h="0.0363636"/>
    <Rectangle legende="trois" w="0.025522" x="0.576566" y="0.0237762" h="0.0195804"/>
    <Rectangle legende="blesses" w="0.163573" x="0.575406" y="0.0251748" h="0.0391608"/>
    <Rectangle legende="quatre" w="0.0243619" x="0.0139211" y="0.0615385" h="0.0181818"/>
    <Rectangle legende="blessesV" w="0.156613" x="0.0150812" y="0.0601399" h="0.0517483"/>
    <Rectangle legende="blessesO" w="0.174014" x="0.169374" y="0.0601399" h="0.0517483"/>
    <Rectangle legende="c1" w="0.0150812" x="0.36891" y="0.18042" h="0.0125874"/>
    <Rectangle legende="c2" w="0.012761" x="0.37007" y="0.195804" h="0.00979021"/>
    <Rectangle legende="c3" w="0.0150812" x="0.36891" y="0.223776" h="0.00979021"/>
    <Rectangle legende="c4" w="0.0162413" x="0.367749" y="0.243357" h="0.0125874"/>
    <Rectangle legende="c5" w="0.0150812" x="0.367749" y="0.271329" h="0.0125874"/>
    <Rectangle legende="c6" w="0.0139211" x="0.37007" y="0.299301" h="0.0153846"/>
    <Rectangle legende="c7" w="0.0150812" x="0.36891" y="0.33007" h="0.013986"/>
    <Rectangle legende="c8" w="0.0174014" x="0.366589" y="0.356643" h="0.013986"/>
    <Rectangle legende="c9" w="0.0162413" x="0.36891" y="0.395804" h="0.0153846"/>
    <Rectangle legende="c10" w="0.0174014" x="0.367749" y="0.423776" h="0.0125874"/>
    <Rectangle legende="c11" w="0.0162413" x="0.36891" y="0.444755" h="0.0125874"/>
    <Rectangle legende="c12" w="0.0162413" x="0.36891" y="0.464336" h="0.0125874"/>
    <Rectangle legende="c13" w="0.0197216" x="0.36891" y="0.485315" h="0.0125874"/>
    <Rectangle legende="c14" w="0.0174014" x="0.367749" y="0.502098" h="0.0153846"/>
    <Rectangle legende="c15" w="0.0139211" x="0.37007" y="0.523077" h="0.013986"/>
    <Rectangle legende="c16" w="0.0150812" x="0.37007" y="0.560839" h="0.0125874"/>
    <Rectangle legende="c17" w="0.0150812" x="0.37007" y="0.59021" h="0.0125874"/>
    <Rectangle legende="c18" w="0.0150812" x="0.612529" y="0.179021" h="0.0125874"/>
    <Rectangle legende="c19" w="0.0150812" x="0.613689" y="0.195804" h="0.0111888"/>
    <Rectangle legende="c20" w="0.0162413" x="0.612529" y="0.223776" h="0.0125874"/>
    <Rectangle legende="c21" w="0.0139211" x="0.613689" y="0.243357" h="0.0125874"/>
    <Rectangle legende="c22" w="0.0139211" x="0.612529" y="0.272727" h="0.0125874"/>
    <Rectangle legende="c23" w="0.0162413" x="0.611369" y="0.297902" h="0.0153846"/>
    <Rectangle legende="c24" w="0.0139211" x="0.613689" y="0.328671" h="0.0111888"/>
    <Rectangle legende="c25" w="0.0150812" x="0.612529" y="0.355245" h="0.0153846"/>
    <Rectangle legende="c26" w="0.0139211" x="0.614849" y="0.397203" h="0.0125874"/>
    <Rectangle legende="c27" w="0.0162413" x="0.612529" y="0.425175" h="0.0111888"/>
    <Rectangle legende="c28" w="0.0139211" x="0.613689" y="0.446154" h="0.0111888"/>
    <Rectangle legende="c29" w="0.0162413" x="0.611369" y="0.465734" h="0.0111888"/>
    <Rectangle legende="c30" w="0.0150812" x="0.612529" y="0.486713" h="0.00839161"/>
    <Rectangle legende="c31" w="0.0150812" x="0.613689" y="0.503497" h="0.0111888"/>
    <Rectangle legende="c32" w="0.0162413" x="0.611369" y="0.524476" h="0.0111888"/>
    <Rectangle legende="c33" w="0.0150812" x="0.613689" y="0.562238" h="0.0111888"/>
    <Rectangle legende="c34" w="0.0162413" x="0.613689" y="0.59021" h="0.013986"/>
    <Rectangle legende="dix" w="0.0208817" x="0.0197216" y="0.709091" h="0.0181818"/>
    <Rectangle legende="onze" w="0.0208817" x="0.799304" y="0.707692" h="0.0181818"/>
    <Rectangle legende="zoneA" w="0.178654" x="0.0185615" y="0.707692" h="0.13007"/>
    <Rectangle legende="zoneB" w="0.180974" x="0.798144" y="0.707692" h="0.13007"/>
  </rectangles>
</CONSTAT_AXA>
