<?xml version="1.0" encoding="UTF-8"?>
<CONSTAT_AXA>
  <Date Date="22/10/2014"/>
  <Heure Heure="17h00"/>
  <Pays Pays="France"/>
  <Lieu Lieu="Coat Meal"/>
  <Blesses Is_Blesses="no"/>
  <Degats>
    <Degats_voitures Is_Degats_sur_Voitures="no"/>
    <Degats_objets Is_Degats_sur_Objets="no"/>
  </Degats>
  <Circonstances>
    <Circonstance_Voiture_A numero_cases_cochees="13"/>
    <Circonstance_Voiture_B numero_cases_cochees="11;17"/>
  </Circonstances>
  <Zones_de_choc>
    <voiture_A zone=""/>
    <voiture_B zone="avant"/>
  </Zones_de_choc>
  <rectangles>
    <Rectangle legende="un" w="0.016469" x="0.0487484" y="0.0661986" h="0.0150451"/>
    <Rectangle legende="date" w="0.150856" x="0.0507246" y="0.0641926" h="0.0300903"/>
    <Rectangle legende="heure" w="0.0638999" x="0.201581" y="0.0661986" h="0.0290873"/>
    <Rectangle legende="deux" w="0.0171278" x="0.268775" y="0.0651956" h="0.0150451"/>
    <Rectangle legende="localisation" w="0.105402" x="0.270751" y="0.0661986" h="0.0300903"/>
    <Rectangle legende="lieu" w="0.187088" x="0.375494" y="0.0661986" h="0.0341023"/>
    <Rectangle legende="trois" w="0.0171278" x="0.567194" y="0.0661986" h="0.0150451"/>
    <Rectangle legende="blesses" w="0.116601" x="0.567194" y="0.0651956" h="0.0431294"/>
    <Rectangle legende="quatre" w="0.0151515" x="0.0494071" y="0.100301" h="0.0150451"/>
    <Rectangle legende="blessesV" w="0.142292" x="0.0494071" y="0.101304" h="0.0451354"/>
    <Rectangle legende="blessesO" w="0.157444" x="0.194335" y="0.102307" h="0.0461384"/>
    <Rectangle legende="c1" w="0.0131752" x="0.365613" y="0.210632" h="0.0100301"/>
    <Rectangle legende="c2" w="0.0131752" x="0.364954" y="0.221665" h="0.0120361"/>
    <Rectangle legende="c3" w="0.00988142" x="0.36693" y="0.248746" h="0.0110331"/>
    <Rectangle legende="c4" w="0.0105402" x="0.367589" y="0.265797" h="0.00601805"/>
    <Rectangle legende="c5" w="0.0105402" x="0.366271" y="0.290873" h="0.00802407"/>
    <Rectangle legende="c6" w="0.0118577" x="0.366271" y="0.321966" h="0.0110331"/>
    <Rectangle legende="c7" w="0.0118577" x="0.365613" y="0.346038" h="0.0100301"/>
    <Rectangle legende="c8" w="0.0118577" x="0.366271" y="0.373119" h="0.0100301"/>
    <Rectangle legende="c9" w="0.0118577" x="0.366271" y="0.412237" h="0.00902708"/>
    <Rectangle legende="c10" w="0.0111989" x="0.366271" y="0.438315" h="0.0100301"/>
    <Rectangle legende="c11" w="0.0111989" x="0.365613" y="0.454363" h="0.0100301"/>
    <Rectangle legende="c12" w="0.0118577" x="0.365613" y="0.471414" h="0.00802407"/>
    <Rectangle legende="c13" w="0.0111989" x="0.365613" y="0.484453" h="0.0110331"/>
    <Rectangle legende="c14" w="0.00988142" x="0.36693" y="0.503511" h="0.00702106"/>
    <Rectangle legende="c15" w="0.0111989" x="0.366271" y="0.520562" h="0.00902708"/>
    <Rectangle legende="c16" w="0.0111989" x="0.364954" y="0.557673" h="0.00802407"/>
    <Rectangle legende="c17" w="0.0131752" x="0.364954" y="0.583751" h="0.0120361"/>
    <Rectangle legende="c18" w="0.0131752" x="0.629776" y="0.212638" h="0.00702106"/>
    <Rectangle legende="c19" w="0.00988142" x="0.632411" y="0.223671" h="0.00802407"/>
    <Rectangle legende="c20" w="0.0105402" x="0.63307" y="0.248746" h="0.00902708"/>
    <Rectangle legende="c21" w="0.0111989" x="0.631094" y="0.264794" h="0.00902708"/>
    <Rectangle legende="c22" w="0.0111989" x="0.631752" y="0.291876" h="0.0100301"/>
    <Rectangle legende="c23" w="0.00988142" x="0.631752" y="0.318957" h="0.00902708"/>
    <Rectangle legende="c24" w="0.0111989" x="0.631094" y="0.347041" h="0.00702106"/>
    <Rectangle legende="c25" w="0.0144928" x="0.629776" y="0.372116" h="0.0110331"/>
    <Rectangle legende="c26" w="0.0118577" x="0.631094" y="0.408225" h="0.0130391"/>
    <Rectangle legende="c27" w="0.0118577" x="0.630435" y="0.436309" h="0.00902708"/>
    <Rectangle legende="c28" w="0.0118577" x="0.629776" y="0.45336" h="0.00802407"/>
    <Rectangle legende="c29" w="0.00988142" x="0.630435" y="0.470411" h="0.00702106"/>
    <Rectangle legende="c30" w="0.0125165" x="0.631094" y="0.487462" h="0.00902708"/>
    <Rectangle legende="c31" w="0.0105402" x="0.631094" y="0.503511" h="0.00902708"/>
    <Rectangle legende="c32" w="0.0111989" x="0.631094" y="0.520562" h="0.00902708"/>
    <Rectangle legende="c33" w="0.0105402" x="0.631094" y="0.557673" h="0.00802407"/>
    <Rectangle legende="c34" w="0.0125165" x="0.630435" y="0.581745" h="0.0100301"/>
    <Rectangle legende="dix" w="0.0144928" x="0.0487484" y="0.696088" h="0.0160481"/>
    <Rectangle legende="onze" w="0.0184453" x="0.791831" y="0.695085" h="0.0190572"/>
    <Rectangle legende="zoneA" w="0.163373" x="0.0480896" y="0.694082" h="0.121364"/>
    <Rectangle legende="zoneB" w="0.167325" x="0.793808" y="0.694082" h="0.120361"/>
  </rectangles>
</CONSTAT_AXA>
