<?xml version="1.0" encoding="UTF-8"?>
<CONSTAT_AXA>
  <Date Date="19/02/2014"/>
  <Heure Heure="09h00"/>
  <Pays Pays=""/>
  <Lieu Lieu="32 Marechal Leclerc 33 Bordeaux"/>
  <Blesses Is_Blesses="no"/>
  <Degats>
    <Degats_voitures Is_Degats_sur_Voitures="no"/>
    <Degats_objets Is_Degats_sur_Objets="no"/>
  </Degats>
  <Circonstances>
    <Circonstance_Voiture_A numero_cases_cochees="3;14"/>
    <Circonstance_Voiture_B numero_cases_cochees=""/>
  </Circonstances>
  <Zones_de_choc>
    <voiture_A zone="arrière "/>
    <voiture_B zone="avant"/>
  </Zones_de_choc>
  <rectangles>
    <Rectangle w="0.0217391" x="0.0171278" y="0.0320963" h="0.0140421" legende="un"/>
    <Rectangle w="0.170619" x="0.0171278" y="0.0320963" h="0.0341023" legende="date"/>
    <Rectangle w="0.0671937" x="0.188406" y="0.0320963" h="0.0320963" legende="heure"/>
    <Rectangle w="0.0210804" x="0.259552" y="0.0290873" h="0.0180542" legende="deux"/>
    <Rectangle w="0.117918" x="0.258235" y="0.0280843" h="0.0351053" legende="localisation"/>
    <Rectangle w="0.200922" x="0.374177" y="0.0290873" h="0.0361083" legende="lieu"/>
    <Rectangle w="0.0210804" x="0.584321" y="0.0300903" h="0.0190572" legende="trois"/>
    <Rectangle w="0.0981555" x="0.583663" y="0.0300903" h="0.0361083" legende="blesses"/>
    <Rectangle w="0.0204216" x="0.0184453" y="0.0651956" h="0.0160481" legende="quatre"/>
    <Rectangle w="0.156126" x="0.0184453" y="0.0641926" h="0.0521565" legende="blessesV"/>
    <Rectangle w="0.175889" x="0.171937" y="0.0651956" h="0.0501505" legende="blessesO"/>
    <Rectangle w="0.0151515" x="0.372859" y="0.184554" h="0.0110331" legende="c1"/>
    <Rectangle w="0.0151515" x="0.372859" y="0.202608" h="0.00902708" legende="c2"/>
    <Rectangle w="0.0151515" x="0.3722" y="0.228686" h="0.0120361" legende="c3"/>
    <Rectangle w="0.0151515" x="0.373518" y="0.250752" h="0.0100301" legende="c4"/>
    <Rectangle w="0.0144928" x="0.373518" y="0.27984" h="0.0110331" legende="c5"/>
    <Rectangle w="0.0151515" x="0.372859" y="0.307924" h="0.0140421" legende="c6"/>
    <Rectangle w="0.013834" x="0.374177" y="0.337011" h="0.00902708" legende="c7"/>
    <Rectangle w="0.0144928" x="0.373518" y="0.365095" h="0.0120361" legende="c8"/>
    <Rectangle w="0.0144928" x="0.372859" y="0.405216" h="0.00902708" legende="c9"/>
    <Rectangle w="0.013834" x="0.373518" y="0.434303" h="0.0100301" legende="c10"/>
    <Rectangle w="0.0125165" x="0.374177" y="0.456369" h="0.00902708" legende="c11"/>
    <Rectangle w="0.0144928" x="0.372859" y="0.476429" h="0.00802407" legende="c12"/>
    <Rectangle w="0.0151515" x="0.372859" y="0.495486" h="0.0110331" legende="c13"/>
    <Rectangle w="0.013834" x="0.374835" y="0.514544" h="0.0100301" legende="c14"/>
    <Rectangle w="0.0125165" x="0.373518" y="0.534604" h="0.0100301" legende="c15"/>
    <Rectangle w="0.0144928" x="0.373518" y="0.574724" h="0.00902708" legende="c16"/>
    <Rectangle w="0.0131752" x="0.374177" y="0.603811" h="0.00902708" legende="c17"/>
    <Rectangle w="0.0131752" x="0.617918" y="0.185557" h="0.0100301" legende="c18"/>
    <Rectangle w="0.0131752" x="0.619236" y="0.200602" h="0.0120361" legende="c19"/>
    <Rectangle w="0.013834" x="0.618577" y="0.228686" h="0.0120361" legende="c20"/>
    <Rectangle w="0.0144928" x="0.617918" y="0.250752" h="0.00902708" legende="c21"/>
    <Rectangle w="0.013834" x="0.619895" y="0.27984" h="0.0100301" legende="c22"/>
    <Rectangle w="0.0125165" x="0.619236" y="0.308927" h="0.0110331" legende="c23"/>
    <Rectangle w="0.0125165" x="0.619236" y="0.336008" h="0.0110331" legende="c24"/>
    <Rectangle w="0.013834" x="0.618577" y="0.366098" h="0.0120361" legende="c25"/>
    <Rectangle w="0.013834" x="0.617918" y="0.405216" h="0.0110331" legende="c26"/>
    <Rectangle w="0.0131752" x="0.618577" y="0.434303" h="0.0100301" legende="c27"/>
    <Rectangle w="0.013834" x="0.618577" y="0.456369" h="0.0120361" legende="c28"/>
    <Rectangle w="0.0118577" x="0.619236" y="0.475426" h="0.0100301" legende="c29"/>
    <Rectangle w="0.0131752" x="0.618577" y="0.496489" h="0.00902708" legende="c30"/>
    <Rectangle w="0.0144928" x="0.618577" y="0.515547" h="0.0100301" legende="c31"/>
    <Rectangle w="0.0131752" x="0.618577" y="0.534604" h="0.00902708" legende="c32"/>
    <Rectangle w="0.013834" x="0.616601" y="0.572718" h="0.0100301" legende="c33"/>
    <Rectangle w="0.0131752" x="0.618577" y="0.601805" h="0.0120361" legende="c34"/>
    <Rectangle w="0.0223979" x="0.0184453" y="0.722166" h="0.0200602" legende="dix"/>
    <Rectangle w="0.0223979" x="0.806324" y="0.72016" h="0.0220662" legende="onze"/>
    <Rectangle w="0.181159" x="0.0184453" y="0.721164" h="0.131394" legende="zoneA"/>
    <Rectangle w="0.179183" x="0.806983" y="0.719157" h="0.131394" legende="zoneB"/>
  </rectangles>
</CONSTAT_AXA>
