<?xml version="1.0" encoding="UTF-8"?>
<CONSTAT_AXA>
  <Date Date="17/08/2013"/>
  <Heure Heure="08h40"/>
  <Pays Pays="France"/>
  <Lieu Lieu="RIUESAITES PEAGE NORD"/>
  <Blesses Is_Blesses="no"/>
  <Degats>
    <Degats_voitures Is_Degats_sur_Voitures="no"/>
    <Degats_objets Is_Degats_sur_Objets="no"/>
  </Degats>
  <Circonstances>
    <Circonstance_Voiture_A numero_cases_cochees="14"/>
    <Circonstance_Voiture_B numero_cases_cochees="1"/>
  </Circonstances>
  <Zones_de_choc>
    <voiture_A zone="arrière"/>
    <voiture_B zone="avant"/>
  </Zones_de_choc>
  <rectangles>
    <Rectangle legende="un" w="0.016469" x="0.00922266" y="0.0330993" h="0.0170512"/>
    <Rectangle legende="date" w="0.168643" x="0.0118577" y="0.0341023" h="0.0330993"/>
    <Rectangle legende="heure" w="0.0678524" x="0.179183" y="0.0320963" h="0.0330993"/>
    <Rectangle legende="deux" w="0.0177866" x="0.250988" y="0.0310933" h="0.0170512"/>
    <Rectangle legende="localisation" w="0.118577" x="0.250988" y="0.0300903" h="0.0351053"/>
    <Rectangle legende="lieu" w="0.200264" x="0.368906" y="0.0280843" h="0.0381143"/>
    <Rectangle legende="trois" w="0.0184453" x="0.577734" y="0.0341023" h="0.0160481"/>
    <Rectangle legende="blesses" w="0.100791" x="0.576416" y="0.0330993" h="0.0371113"/>
    <Rectangle legende="quatre" w="0.0177866" x="0.00988142" y="0.0661986" h="0.0180542"/>
    <Rectangle legende="blessesV" w="0.15415" x="0.00988142" y="0.0661986" h="0.0531595"/>
    <Rectangle legende="blessesO" w="0.176548" x="0.164032" y="0.0641926" h="0.0551655"/>
    <Rectangle legende="c1" w="0.013834" x="0.364295" y="0.185557" h="0.0110331"/>
    <Rectangle legende="c2" w="0.013834" x="0.365613" y="0.200602" h="0.0110331"/>
    <Rectangle legende="c3" w="0.0125165" x="0.365613" y="0.228686" h="0.0110331"/>
    <Rectangle legende="c4" w="0.0158103" x="0.363636" y="0.248746" h="0.0110331"/>
    <Rectangle legende="c5" w="0.013834" x="0.364295" y="0.277833" h="0.0110331"/>
    <Rectangle legende="c6" w="0.0151515" x="0.364295" y="0.306921" h="0.0110331"/>
    <Rectangle legende="c7" w="0.0151515" x="0.364295" y="0.334002" h="0.0110331"/>
    <Rectangle legende="c8" w="0.0151515" x="0.363636" y="0.364092" h="0.0110331"/>
    <Rectangle legende="c9" w="0.0151515" x="0.363636" y="0.402207" h="0.0110331"/>
    <Rectangle legende="c10" w="0.0144928" x="0.363636" y="0.431294" h="0.0120361"/>
    <Rectangle legende="c11" w="0.0131752" x="0.364295" y="0.450351" h="0.0100301"/>
    <Rectangle legende="c12" w="0.0131752" x="0.364954" y="0.470411" h="0.0110331"/>
    <Rectangle legende="c13" w="0.013834" x="0.364954" y="0.490471" h="0.0110331"/>
    <Rectangle legende="c14" w="0.0131752" x="0.364954" y="0.510532" h="0.0120361"/>
    <Rectangle legende="c15" w="0.0131752" x="0.363636" y="0.531595" h="0.0110331"/>
    <Rectangle legende="c16" w="0.0151515" x="0.362978" y="0.567703" h="0.0110331"/>
    <Rectangle legende="c17" w="0.0125165" x="0.364954" y="0.59679" h="0.0100301"/>
    <Rectangle legende="c18" w="0.016469" x="0.610672" y="0.185557" h="0.0110331"/>
    <Rectangle legende="c19" w="0.013834" x="0.611331" y="0.200602" h="0.00902708"/>
    <Rectangle legende="c20" w="0.0144928" x="0.611331" y="0.228686" h="0.0110331"/>
    <Rectangle legende="c21" w="0.013834" x="0.611989" y="0.249749" h="0.0110331"/>
    <Rectangle legende="c22" w="0.013834" x="0.610672" y="0.277833" h="0.0120361"/>
    <Rectangle legende="c23" w="0.0151515" x="0.610013" y="0.306921" h="0.0120361"/>
    <Rectangle legende="c24" w="0.0144928" x="0.610672" y="0.335005" h="0.0120361"/>
    <Rectangle legende="c25" w="0.0144928" x="0.611331" y="0.364092" h="0.0110331"/>
    <Rectangle legende="c26" w="0.013834" x="0.611331" y="0.402207" h="0.0110331"/>
    <Rectangle legende="c27" w="0.0151515" x="0.610672" y="0.432297" h="0.0100301"/>
    <Rectangle legende="c28" w="0.013834" x="0.611331" y="0.451354" h="0.0130391"/>
    <Rectangle legende="c29" w="0.0158103" x="0.610013" y="0.471414" h="0.0100301"/>
    <Rectangle legende="c30" w="0.0151515" x="0.610013" y="0.491474" h="0.0100301"/>
    <Rectangle legende="c31" w="0.013834" x="0.610672" y="0.511535" h="0.0100301"/>
    <Rectangle legende="c32" w="0.0144928" x="0.610672" y="0.531595" h="0.0100301"/>
    <Rectangle legende="c33" w="0.013834" x="0.611331" y="0.569709" h="0.00902708"/>
    <Rectangle legende="c34" w="0.0131752" x="0.610672" y="0.597793" h="0.0110331"/>
    <Rectangle legende="dix" w="0.0191041" x="0.00922266" y="0.715145" h="0.0170512"/>
    <Rectangle legende="onze" w="0.0230567" x="0.799736" y="0.715145" h="0.0190572"/>
    <Rectangle legende="zoneA" w="0.177866" x="0.00922266" y="0.715145" h="0.127382"/>
    <Rectangle legende="zoneB" w="0.183136" x="0.799078" y="0.716148" h="0.129388"/>
  </rectangles>
</CONSTAT_AXA>
