<?xml version="1.0" encoding="UTF-8"?>
<CONSTAT_AXA>
  <Date Date="25/04/2014"/>
  <Heure Heure="15h50"/>
  <Pays Pays=""/>
  <Lieu Lieu="MAS BRESSON PERPIGNAN"/>
  <Blesses Is_Blesses="no"/>
  <Degats>
    <Degats_voitures Is_Degats_sur_Voitures="no"/>
    <Degats_objets Is_Degats_sur_Objets="no"/>
  </Degats>
  <Circonstances>
    <Circonstance_Voiture_A numero_cases_cochees="13"/>
    <Circonstance_Voiture_B numero_cases_cochees="12"/>
  </Circonstances>
  <Zones_de_choc>
    <voiture_A zone="avant "/>
    <voiture_B zone="avant"/>
  </Zones_de_choc>
  <rectangles>
    <Rectangle legende="un" w="0.0197628" x="0.0131752" y="0.0300903" h="0.0160481"/>
    <Rectangle legende="date" w="0.16996" x="0.0131752" y="0.0310933" h="0.0310933"/>
    <Rectangle legende="heure" w="0.0665349" x="0.181818" y="0.0320963" h="0.0310933"/>
    <Rectangle legende="deux" w="0.0197628" x="0.253623" y="0.0310933" h="0.0160481"/>
    <Rectangle legende="localisation" w="0.117918" x="0.252306" y="0.0310933" h="0.0300903"/>
    <Rectangle legende="lieu" w="0.199605" x="0.368906" y="0.0290873" h="0.0341023"/>
    <Rectangle legende="trois" w="0.0191041" x="0.577075" y="0.0290873" h="0.0180542"/>
    <Rectangle legende="blesses" w="0.0928854" x="0.576416" y="0.0300903" h="0.0320963"/>
    <Rectangle legende="quatre" w="0.0191041" x="0.0144928" y="0.0631896" h="0.0160481"/>
    <Rectangle legende="blessesV" w="0.155468" x="0.013834" y="0.0631896" h="0.0501505"/>
    <Rectangle legende="blessesO" w="0.171937" x="0.167984" y="0.0631896" h="0.0501505"/>
    <Rectangle legende="c1" w="0.0131752" x="0.365613" y="0.181545" h="0.0120361"/>
    <Rectangle legende="c2" w="0.0131752" x="0.36693" y="0.199599" h="0.0100301"/>
    <Rectangle legende="c3" w="0.0118577" x="0.367589" y="0.227683" h="0.00902708"/>
    <Rectangle legende="c4" w="0.0131752" x="0.367589" y="0.24674" h="0.0130391"/>
    <Rectangle legende="c5" w="0.013834" x="0.366271" y="0.27683" h="0.0120361"/>
    <Rectangle legende="c6" w="0.013834" x="0.36693" y="0.306921" h="0.0100301"/>
    <Rectangle legende="c7" w="0.0144928" x="0.366271" y="0.335005" h="0.0110331"/>
    <Rectangle legende="c8" w="0.0144928" x="0.366271" y="0.364092" h="0.0110331"/>
    <Rectangle legende="c9" w="0.0118577" x="0.368248" y="0.40321" h="0.00902708"/>
    <Rectangle legende="c10" w="0.013834" x="0.36693" y="0.4333" h="0.00902708"/>
    <Rectangle legende="c11" w="0.0151515" x="0.366271" y="0.45336" h="0.0120361"/>
    <Rectangle legende="c12" w="0.013834" x="0.366271" y="0.47342" h="0.00902708"/>
    <Rectangle legende="c13" w="0.0131752" x="0.36693" y="0.491474" h="0.0110331"/>
    <Rectangle legende="c14" w="0.0131752" x="0.367589" y="0.512538" h="0.00902708"/>
    <Rectangle legende="c15" w="0.0131752" x="0.367589" y="0.531595" h="0.0100301"/>
    <Rectangle legende="c16" w="0.0125165" x="0.36693" y="0.570712" h="0.00902708"/>
    <Rectangle legende="c17" w="0.013834" x="0.36693" y="0.601805" h="0.00902708"/>
    <Rectangle legende="c18" w="0.013834" x="0.611331" y="0.183551" h="0.0100301"/>
    <Rectangle legende="c19" w="0.013834" x="0.611331" y="0.198596" h="0.0120361"/>
    <Rectangle legende="c20" w="0.0131752" x="0.611331" y="0.227683" h="0.0100301"/>
    <Rectangle legende="c21" w="0.0151515" x="0.611989" y="0.247743" h="0.0110331"/>
    <Rectangle legende="c22" w="0.0131752" x="0.611331" y="0.277833" h="0.0120361"/>
    <Rectangle legende="c23" w="0.0131752" x="0.611331" y="0.306921" h="0.00802407"/>
    <Rectangle legende="c24" w="0.0151515" x="0.610672" y="0.335005" h="0.0100301"/>
    <Rectangle legende="c25" w="0.0151515" x="0.610672" y="0.365095" h="0.00902708"/>
    <Rectangle legende="c26" w="0.0158103" x="0.611331" y="0.402207" h="0.0100301"/>
    <Rectangle legende="c27" w="0.0144928" x="0.610013" y="0.432297" h="0.0100301"/>
    <Rectangle legende="c28" w="0.013834" x="0.611989" y="0.455366" h="0.00601805"/>
    <Rectangle legende="c29" w="0.0131752" x="0.611331" y="0.47342" h="0.0100301"/>
    <Rectangle legende="c30" w="0.016469" x="0.611331" y="0.491474" h="0.0110331"/>
    <Rectangle legende="c31" w="0.0111989" x="0.611989" y="0.513541" h="0.00802407"/>
    <Rectangle legende="c32" w="0.013834" x="0.611331" y="0.530592" h="0.0110331"/>
    <Rectangle legende="c33" w="0.0144928" x="0.609354" y="0.570712" h="0.0110331"/>
    <Rectangle legende="c34" w="0.016469" x="0.608696" y="0.600802" h="0.0110331"/>
    <Rectangle legende="dix" w="0.0204216" x="0.0151515" y="0.718154" h="0.0240722"/>
    <Rectangle legende="onze" w="0.0210804" x="0.799736" y="0.719157" h="0.0170512"/>
    <Rectangle legende="zoneA" w="0.175231" x="0.0177866" y="0.719157" h="0.127382"/>
    <Rectangle legende="zoneB" w="0.179183" x="0.800395" y="0.719157" h="0.127382"/>
  </rectangles>
</CONSTAT_AXA>
