<?xml version="1.0" encoding="UTF-8"?>
<CONSTAT_AXA>
  <Date Date="20/07/2014"/>
  <Heure Heure="21h30"/>
  <Pays Pays="France"/>
  <Lieu Lieu="A15 &#xa;Sortie sannoir"/>
  <Blesses Is_Blesses="no"/>
  <Degats>
    <Degats_voitures Is_Degats_sur_Voitures="no"/>
    <Degats_objets Is_Degats_sur_Objets="no"/>
  </Degats>
  <Circonstances>
    <Circonstance_Voiture_A numero_cases_cochees="9;10;12"/>
    <Circonstance_Voiture_B numero_cases_cochees=""/>
  </Circonstances>
  <Zones_de_choc>
    <voiture_A zone="avant droit "/>
    <voiture_B zone="côté droit et gauche"/>
  </Zones_de_choc>
  <rectangles>
    <Rectangle legende="un" w="0.0144928" x="0.0197628" y="0.0401204" h="0.0160481"/>
    <Rectangle legende="date" w="0.171937" x="0.0204216" y="0.0391174" h="0.0341023"/>
    <Rectangle legende="heure" w="0.0671937" x="0.192358" y="0.0381143" h="0.0330993"/>
    <Rectangle legende="deux" w="0.0171278" x="0.263505" y="0.0401204" h="0.0160481"/>
    <Rectangle legende="localisation" w="0.115283" x="0.264822" y="0.0391174" h="0.0341023"/>
    <Rectangle legende="lieu" w="0.198946" x="0.379447" y="0.0381143" h="0.0361083"/>
    <Rectangle legende="trois" w="0.0151515" x="0.586298" y="0.0391174" h="0.0180542"/>
    <Rectangle legende="blesses" w="0.105402" x="0.583663" y="0.0371113" h="0.0361083"/>
    <Rectangle legende="quatre" w="0.016469" x="0.0191041" y="0.0732197" h="0.0160481"/>
    <Rectangle legende="blessesV" w="0.158103" x="0.0197628" y="0.0712136" h="0.0501505"/>
    <Rectangle legende="blessesO" w="0.173913" x="0.177207" y="0.0712136" h="0.0501505"/>
    <Rectangle legende="c1" w="0.013834" x="0.376812" y="0.189569" h="0.0100301"/>
    <Rectangle legende="c2" w="0.0158103" x="0.376153" y="0.203611" h="0.00902708"/>
    <Rectangle legende="c3" w="0.0144928" x="0.376812" y="0.231695" h="0.00902708"/>
    <Rectangle legende="c4" w="0.013834" x="0.376812" y="0.251755" h="0.00802407"/>
    <Rectangle legende="c5" w="0.0151515" x="0.376153" y="0.27683" h="0.0120361"/>
    <Rectangle legende="c6" w="0.0144928" x="0.376153" y="0.306921" h="0.0100301"/>
    <Rectangle legende="c7" w="0.0131752" x="0.37747" y="0.334002" h="0.0120361"/>
    <Rectangle legende="c8" w="0.016469" x="0.375494" y="0.362086" h="0.0120361"/>
    <Rectangle legende="c9" w="0.0125165" x="0.37747" y="0.401204" h="0.0100301"/>
    <Rectangle legende="c10" w="0.016469" x="0.375494" y="0.428285" h="0.0120361"/>
    <Rectangle legende="c11" w="0.013834" x="0.376153" y="0.447342" h="0.0100301"/>
    <Rectangle legende="c12" w="0.016469" x="0.373518" y="0.465396" h="0.0110331"/>
    <Rectangle legende="c13" w="0.0131752" x="0.37747" y="0.487462" h="0.0100301"/>
    <Rectangle legende="c14" w="0.0158103" x="0.376812" y="0.505517" h="0.0110331"/>
    <Rectangle legende="c15" w="0.013834" x="0.376812" y="0.524574" h="0.0120361"/>
    <Rectangle legende="c16" w="0.0144928" x="0.376153" y="0.560682" h="0.0130391"/>
    <Rectangle legende="c17" w="0.0131752" x="0.376812" y="0.591775" h="0.00902708"/>
    <Rectangle legende="c18" w="0.013834" x="0.619895" y="0.190572" h="0.0100301"/>
    <Rectangle legende="c19" w="0.013834" x="0.619895" y="0.205617" h="0.00802407"/>
    <Rectangle legende="c20" w="0.013834" x="0.620553" y="0.232698" h="0.00902708"/>
    <Rectangle legende="c21" w="0.0151515" x="0.619236" y="0.249749" h="0.0100301"/>
    <Rectangle legende="c22" w="0.0125165" x="0.621212" y="0.27984" h="0.00802407"/>
    <Rectangle legende="c23" w="0.0144928" x="0.619895" y="0.307924" h="0.00902708"/>
    <Rectangle legende="c24" w="0.0131752" x="0.620553" y="0.335005" h="0.0100301"/>
    <Rectangle legende="c25" w="0.0144928" x="0.619895" y="0.363089" h="0.0100301"/>
    <Rectangle legende="c26" w="0.013834" x="0.619895" y="0.400201" h="0.0120361"/>
    <Rectangle legende="c27" w="0.013834" x="0.621212" y="0.429288" h="0.00902708"/>
    <Rectangle legende="c28" w="0.0151515" x="0.618577" y="0.447342" h="0.0130391"/>
    <Rectangle legende="c29" w="0.0125165" x="0.619895" y="0.469408" h="0.00902708"/>
    <Rectangle legende="c30" w="0.0144928" x="0.619895" y="0.487462" h="0.00902708"/>
    <Rectangle legende="c31" w="0.0131752" x="0.619895" y="0.507523" h="0.00802407"/>
    <Rectangle legende="c32" w="0.0144928" x="0.618577" y="0.524574" h="0.0120361"/>
    <Rectangle legende="c33" w="0.0158103" x="0.618577" y="0.562688" h="0.0110331"/>
    <Rectangle legende="c34" w="0.0144928" x="0.618577" y="0.589769" h="0.0100301"/>
    <Rectangle legende="dix" w="0.0144928" x="0.0210804" y="0.705115" h="0.0170512"/>
    <Rectangle legende="onze" w="0.0204216" x="0.806983" y="0.708124" h="0.0150451"/>
    <Rectangle legende="zoneA" w="0.179842" x="0.0210804" y="0.704112" h="0.126379"/>
    <Rectangle legende="zoneB" w="0.175889" x="0.806983" y="0.705115" h="0.126379"/>
  </rectangles>
</CONSTAT_AXA>
