<?xml version="1.0" encoding="UTF-8"?>
<CONSTAT_AXA>
  <Date Date="04/03/2014"/>
  <Heure Heure="12h16"/>
  <Pays Pays="France"/>
  <Lieu Lieu="Bordeaux Bv Pierre 1er &#x9;"/>
  <Blesses Is_Blesses="no"/>
  <Degats>
    <Degats_voitures Is_Degats_sur_Voitures="no"/>
    <Degats_objets Is_Degats_sur_Objets="no"/>
  </Degats>
  <Circonstances>
    <Circonstance_Voiture_A numero_cases_cochees=""/>
    <Circonstance_Voiture_B numero_cases_cochees=""/>
  </Circonstances>
  <Zones_de_choc>
    <voiture_A zone="arrière droit "/>
    <voiture_B zone="avant gauche"/>
  </Zones_de_choc>
  <rectangles>
    <Rectangle legende="un" w="0.0184453" x="0.0191041" y="0.0441324" h="0.0170512"/>
    <Rectangle legende="date" w="0.16996" x="0.0184453" y="0.0441324" h="0.0320963"/>
    <Rectangle legende="heure" w="0.0678524" x="0.187747" y="0.0431294" h="0.0300903"/>
    <Rectangle legende="deux" w="0.0177866" x="0.262187" y="0.0431294" h="0.0180542"/>
    <Rectangle legende="localisation" w="0.115942" x="0.262187" y="0.0441324" h="0.0330993"/>
    <Rectangle legende="lieu" w="0.198287" x="0.378788" y="0.0431294" h="0.0341023"/>
    <Rectangle legende="trois" w="0.0191041" x="0.585639" y="0.0441324" h="0.0170512"/>
    <Rectangle legende="blesses" w="0.108696" x="0.58498" y="0.0441324" h="0.0320963"/>
    <Rectangle legende="quatre" w="0.0184453" x="0.0177866" y="0.0762287" h="0.0180542"/>
    <Rectangle legende="blessesV" w="0.156785" x="0.016469" y="0.0772317" h="0.0461384"/>
    <Rectangle legende="blessesO" w="0.175231" x="0.173254" y="0.0772317" h="0.0481444"/>
    <Rectangle legende="c1" w="0.0144928" x="0.373518" y="0.191575" h="0.0120361"/>
    <Rectangle legende="c2" w="0.0144928" x="0.373518" y="0.20662" h="0.00802407"/>
    <Rectangle legende="c3" w="0.0144928" x="0.373518" y="0.233701" h="0.0100301"/>
    <Rectangle legende="c4" w="0.013834" x="0.374835" y="0.253761" h="0.0100301"/>
    <Rectangle legende="c5" w="0.0144928" x="0.374177" y="0.281846" h="0.0110331"/>
    <Rectangle legende="c6" w="0.013834" x="0.374177" y="0.30993" h="0.00902708"/>
    <Rectangle legende="c7" w="0.0171278" x="0.372859" y="0.337011" h="0.0120361"/>
    <Rectangle legende="c8" w="0.0144928" x="0.375494" y="0.366098" h="0.00802407"/>
    <Rectangle legende="c9" w="0.0125165" x="0.374177" y="0.404213" h="0.0100301"/>
    <Rectangle legende="c10" w="0.0131752" x="0.374177" y="0.430291" h="0.0110331"/>
    <Rectangle legende="c11" w="0.0131752" x="0.375494" y="0.451354" h="0.00902708"/>
    <Rectangle legende="c12" w="0.013834" x="0.374835" y="0.469408" h="0.0100301"/>
    <Rectangle legende="c13" w="0.0158103" x="0.373518" y="0.489468" h="0.0100301"/>
    <Rectangle legende="c14" w="0.013834" x="0.374835" y="0.508526" h="0.00902708"/>
    <Rectangle legende="c15" w="0.0151515" x="0.374177" y="0.52658" h="0.0110331"/>
    <Rectangle legende="c16" w="0.013834" x="0.374177" y="0.564694" h="0.00902708"/>
    <Rectangle legende="c17" w="0.013834" x="0.374177" y="0.592778" h="0.0100301"/>
    <Rectangle legende="c18" w="0.0158103" x="0.619236" y="0.193581" h="0.00802407"/>
    <Rectangle legende="c19" w="0.0131752" x="0.620553" y="0.207623" h="0.00902708"/>
    <Rectangle legende="c20" w="0.0125165" x="0.619895" y="0.234704" h="0.00802407"/>
    <Rectangle legende="c21" w="0.013834" x="0.619895" y="0.252758" h="0.0110331"/>
    <Rectangle legende="c22" w="0.0131752" x="0.619236" y="0.281846" h="0.00902708"/>
    <Rectangle legende="c23" w="0.0125165" x="0.620553" y="0.30993" h="0.00902708"/>
    <Rectangle legende="c24" w="0.013834" x="0.619236" y="0.338014" h="0.0100301"/>
    <Rectangle legende="c25" w="0.013834" x="0.620553" y="0.365095" h="0.0120361"/>
    <Rectangle legende="c26" w="0.0144928" x="0.619236" y="0.40321" h="0.0110331"/>
    <Rectangle legende="c27" w="0.0151515" x="0.618577" y="0.431294" h="0.0120361"/>
    <Rectangle legende="c28" w="0.0131752" x="0.619236" y="0.451354" h="0.0100301"/>
    <Rectangle legende="c29" w="0.0144928" x="0.620553" y="0.471414" h="0.0110331"/>
    <Rectangle legende="c30" w="0.0118577" x="0.620553" y="0.491474" h="0.00802407"/>
    <Rectangle legende="c31" w="0.0131752" x="0.619895" y="0.507523" h="0.0130391"/>
    <Rectangle legende="c32" w="0.0131752" x="0.620553" y="0.528586" h="0.00902708"/>
    <Rectangle legende="c33" w="0.0118577" x="0.617918" y="0.564694" h="0.00902708"/>
    <Rectangle legende="c34" w="0.0125165" x="0.619895" y="0.591775" h="0.0120361"/>
    <Rectangle legende="dix" w="0.0151515" x="0.0191041" y="0.707121" h="0.0160481"/>
    <Rectangle legende="onze" w="0.0197628" x="0.807642" y="0.708124" h="0.0200602"/>
    <Rectangle legende="zoneA" w="0.178524" x="0.0191041" y="0.705115" h="0.127382"/>
    <Rectangle legende="zoneB" w="0.179183" x="0.808959" y="0.708124" h="0.125376"/>
  </rectangles>
</CONSTAT_AXA>
