<?xml version="1.0" encoding="UTF-8"?>
<CONSTAT_AXA>
  <Date Date="29/08/2014"/>
  <Heure Heure="15h10"/>
  <Pays Pays="France "/>
  <Lieu Lieu="Port du Tirduff &#x9;Plougastel Daoulas"/>
  <Blesses Is_Blesses="no"/>
  <Degats>
    <Degats_voitures Is_Degats_sur_Voitures="no"/>
    <Degats_objets Is_Degats_sur_Objets="no"/>
  </Degats>
  <Circonstances>
    <Circonstance_Voiture_A numero_cases_cochees="4;14"/>
    <Circonstance_Voiture_B numero_cases_cochees=""/>
  </Circonstances>
  <Zones_de_choc>
    <voiture_A zone="arrière droit "/>
    <voiture_B zone="côté droit "/>
  </Zones_de_choc>
  <rectangles>
    <Rectangle legende="un" w="0.0151515" x="0.0184453" y="0.0240722" h="0.0160481"/>
    <Rectangle legende="date" w="0.163373" x="0.0177866" y="0.0230692" h="0.0341023"/>
    <Rectangle legende="heure" w="0.0704875" x="0.179842" y="0.0220662" h="0.0341023"/>
    <Rectangle legende="deux" w="0.016469" x="0.253623" y="0.0240722" h="0.0180542"/>
    <Rectangle legende="localisation" w="0.114625" x="0.253623" y="0.0230692" h="0.0330993"/>
    <Rectangle legende="lieu" w="0.205534" x="0.368248" y="0.0250752" h="0.0351053"/>
    <Rectangle legende="trois" w="0.0191041" x="0.576416" y="0.0250752" h="0.0170512"/>
    <Rectangle legende="blesses" w="0.123847" x="0.573781" y="0.0230692" h="0.0330993"/>
    <Rectangle legende="quatre" w="0.0171278" x="0.016469" y="0.0571715" h="0.0180542"/>
    <Rectangle legende="blessesV" w="0.157444" x="0.0158103" y="0.0561685" h="0.0491474"/>
    <Rectangle legende="blessesO" w="0.173913" x="0.173254" y="0.0591775" h="0.0471414"/>
    <Rectangle legende="c1" w="0.013834" x="0.366271" y="0.173521" h="0.0120361"/>
    <Rectangle legende="c2" w="0.0151515" x="0.364954" y="0.184554" h="0.0130391"/>
    <Rectangle legende="c3" w="0.0144928" x="0.366271" y="0.219659" h="0.0100301"/>
    <Rectangle legende="c4" w="0.0131752" x="0.36693" y="0.237713" h="0.0100301"/>
    <Rectangle legende="c5" w="0.0144928" x="0.367589" y="0.269809" h="0.0100301"/>
    <Rectangle legende="c6" w="0.013834" x="0.36693" y="0.295888" h="0.0120361"/>
    <Rectangle legende="c7" w="0.016469" x="0.36693" y="0.327984" h="0.0140421"/>
    <Rectangle legende="c8" w="0.0144928" x="0.367589" y="0.358074" h="0.00902708"/>
    <Rectangle legende="c9" w="0.0144928" x="0.36693" y="0.401204" h="0.0110331"/>
    <Rectangle legende="c10" w="0.013834" x="0.366271" y="0.4333" h="0.00902708"/>
    <Rectangle legende="c11" w="0.0144928" x="0.365613" y="0.451354" h="0.0110331"/>
    <Rectangle legende="c12" w="0.0118577" x="0.367589" y="0.470411" h="0.00902708"/>
    <Rectangle legende="c13" w="0.013834" x="0.366271" y="0.487462" h="0.0100301"/>
    <Rectangle legende="c14" w="0.016469" x="0.36693" y="0.503511" h="0.0170512"/>
    <Rectangle legende="c15" w="0.0151515" x="0.367589" y="0.528586" h="0.0130391"/>
    <Rectangle legende="c16" w="0.0131752" x="0.366271" y="0.564694" h="0.0110331"/>
    <Rectangle legende="c17" w="0.0131752" x="0.366271" y="0.593781" h="0.0140421"/>
    <Rectangle legende="c18" w="0.0131752" x="0.612648" y="0.174524" h="0.00702106"/>
    <Rectangle legende="c19" w="0.0118577" x="0.613966" y="0.18656" h="0.0110331"/>
    <Rectangle legende="c20" w="0.0131752" x="0.613307" y="0.219659" h="0.0100301"/>
    <Rectangle legende="c21" w="0.013834" x="0.613966" y="0.238716" h="0.0120361"/>
    <Rectangle legende="c22" w="0.0151515" x="0.613307" y="0.2668" h="0.0120361"/>
    <Rectangle legende="c23" w="0.0151515" x="0.613307" y="0.298897" h="0.00802407"/>
    <Rectangle legende="c24" w="0.0131752" x="0.612648" y="0.32999" h="0.00902708"/>
    <Rectangle legende="c25" w="0.013834" x="0.613307" y="0.357071" h="0.0120361"/>
    <Rectangle legende="c26" w="0.0177866" x="0.611331" y="0.401204" h="0.0130391"/>
    <Rectangle legende="c27" w="0.016469" x="0.611331" y="0.432297" h="0.0100301"/>
    <Rectangle legende="c28" w="0.013834" x="0.613307" y="0.449348" h="0.0120361"/>
    <Rectangle legende="c29" w="0.0144928" x="0.611989" y="0.470411" h="0.0100301"/>
    <Rectangle legende="c30" w="0.0151515" x="0.612648" y="0.487462" h="0.0110331"/>
    <Rectangle legende="c31" w="0.0144928" x="0.611989" y="0.50652" h="0.0100301"/>
    <Rectangle legende="c32" w="0.0131752" x="0.612648" y="0.527583" h="0.00902708"/>
    <Rectangle legende="c33" w="0.013834" x="0.611989" y="0.5667" h="0.0100301"/>
    <Rectangle legende="c34" w="0.0144928" x="0.611989" y="0.594784" h="0.0120361"/>
    <Rectangle legende="dix" w="0.0217391" x="0.0177866" y="0.711133" h="0.0150451"/>
    <Rectangle legende="onze" w="0.0204216" x="0.799078" y="0.709127" h="0.0170512"/>
    <Rectangle legende="zoneA" w="0.179183" x="0.0171278" y="0.709127" h="0.127382"/>
    <Rectangle legende="zoneB" w="0.175889" x="0.799736" y="0.707121" h="0.130391"/>
  </rectangles>
</CONSTAT_AXA>
