<?xml version="1.0" encoding="UTF-8"?>
<CONSTAT_AXA>
  <Date Date="02/02/2014"/>
  <Heure Heure="17h15"/>
  <Pays Pays="FRANCE"/>
  <Lieu Lieu="36 Rte de la reine &#xa;92100 Boulogne"/>
  <Blesses Is_Blesses="no"/>
  <Degats>
    <Degats_voitures Is_Degats_sur_Voitures="no"/>
    <Degats_objets Is_Degats_sur_Objets="no"/>
  </Degats>
  <Circonstances>
    <Circonstance_Voiture_A numero_cases_cochees="3;8"/>
    <Circonstance_Voiture_B numero_cases_cochees="3;8"/>
  </Circonstances>
  <Zones_de_choc>
    <voiture_A zone="avant droit "/>
    <voiture_B zone="avant gauche"/>
  </Zones_de_choc>
  <rectangles>
    <Rectangle x="0.0191041" y="0.0290873" h="0.0170512" legende="un" w="0.0191041"/>
    <Rectangle x="0.0204216" y="0.0290873" h="0.0341023" legende="date" w="0.173254"/>
    <Rectangle x="0.193017" y="0.0320963" h="0.0310933" legende="heure" w="0.0724638"/>
    <Rectangle x="0.263505" y="0.0310933" h="0.0130391" legende="deux" w="0.0197628"/>
    <Rectangle x="0.263505" y="0.0310933" h="0.0320963" legende="localisation" w="0.134387"/>
    <Rectangle x="0.398551" y="0.0310933" h="0.0310933" legende="lieu" w="0.179842"/>
    <Rectangle x="0.58498" y="0.0290873" h="0.0160481" legende="trois" w="0.0217391"/>
    <Rectangle x="0.583663" y="0.0290873" h="0.0290873" legende="blesses" w="0.103426"/>
    <Rectangle x="0.0191041" y="0.0651956" h="0.0160481" legende="quatre" w="0.0210804"/>
    <Rectangle x="0.0184453" y="0.0641926" h="0.0461384" legende="blessesV" w="0.166008"/>
    <Rectangle x="0.184453" y="0.0641926" h="0.0471414" legende="blessesO" w="0.177207"/>
    <Rectangle x="0.376153" y="0.185557" h="0.0100301" legende="c1" w="0.0144928"/>
    <Rectangle x="0.376153" y="0.200602" h="0.0120361" legende="c2" w="0.0151515"/>
    <Rectangle x="0.376153" y="0.228686" h="0.0130391" legende="c3" w="0.0151515"/>
    <Rectangle x="0.376153" y="0.253761" h="0.0100301" legende="c4" w="0.0131752"/>
    <Rectangle x="0.376153" y="0.282849" h="0.0120361" legende="c5" w="0.0144928"/>
    <Rectangle x="0.375494" y="0.312939" h="0.00902708" legende="c6" w="0.013834"/>
    <Rectangle x="0.375494" y="0.344032" h="0.0100301" legende="c7" w="0.0151515"/>
    <Rectangle x="0.375494" y="0.372116" h="0.0130391" legende="c8" w="0.013834"/>
    <Rectangle x="0.374835" y="0.412237" h="0.0120361" legende="c9" w="0.013834"/>
    <Rectangle x="0.374835" y="0.442327" h="0.0100301" legende="c10" w="0.0144928"/>
    <Rectangle x="0.375494" y="0.46339" h="0.0100301" legende="c11" w="0.013834"/>
    <Rectangle x="0.375494" y="0.482447" h="0.0110331" legende="c12" w="0.013834"/>
    <Rectangle x="0.374835" y="0.503511" h="0.0110331" legende="c13" w="0.0144928"/>
    <Rectangle x="0.375494" y="0.524574" h="0.0110331" legende="c14" w="0.013834"/>
    <Rectangle x="0.374835" y="0.543631" h="0.0110331" legende="c15" w="0.0144928"/>
    <Rectangle x="0.375494" y="0.584754" h="0.0100301" legende="c16" w="0.013834"/>
    <Rectangle x="0.374177" y="0.613842" h="0.0120361" legende="c17" w="0.0144928"/>
    <Rectangle x="0.621871" y="0.18656" h="0.0100301" legende="c18" w="0.0144928"/>
    <Rectangle x="0.62253" y="0.201605" h="0.00902708" legende="c19" w="0.0125165"/>
    <Rectangle x="0.621871" y="0.229689" h="0.0100301" legende="c20" w="0.0131752"/>
    <Rectangle x="0.62253" y="0.250752" h="0.0120361" legende="c21" w="0.013834"/>
    <Rectangle x="0.621212" y="0.282849" h="0.0120361" legende="c22" w="0.0144928"/>
    <Rectangle x="0.62253" y="0.312939" h="0.0100301" legende="c23" w="0.0131752"/>
    <Rectangle x="0.62253" y="0.343029" h="0.0120361" legende="c24" w="0.013834"/>
    <Rectangle x="0.623847" y="0.37011" h="0.0120361" legende="c25" w="0.0144928"/>
    <Rectangle x="0.624506" y="0.414243" h="0.0110331" legende="c26" w="0.0125165"/>
    <Rectangle x="0.62253" y="0.44333" h="0.0100301" legende="c27" w="0.0158103"/>
    <Rectangle x="0.624506" y="0.46339" h="0.0100301" legende="c28" w="0.0131752"/>
    <Rectangle x="0.624506" y="0.48345" h="0.00902708" legende="c29" w="0.0131752"/>
    <Rectangle x="0.624506" y="0.504514" h="0.00902708" legende="c30" w="0.0125165"/>
    <Rectangle x="0.623188" y="0.524574" h="0.0100301" legende="c31" w="0.0131752"/>
    <Rectangle x="0.623847" y="0.541625" h="0.0120361" legende="c32" w="0.013834"/>
    <Rectangle x="0.621212" y="0.582748" h="0.0120361" legende="c33" w="0.016469"/>
    <Rectangle x="0.623188" y="0.614845" h="0.00902708" legende="c34" w="0.0151515"/>
    <Rectangle x="0.0191041" y="0.724173" h="0.0190572" legende="dix" w="0.0197628"/>
    <Rectangle x="0.814229" y="0.72317" h="0.0190572" legende="onze" w="0.0204216"/>
    <Rectangle x="0.0184453" y="0.722166" h="0.134403" legende="zoneA" w="0.173913"/>
    <Rectangle x="0.814229" y="0.722166" h="0.128385" legende="zoneB" w="0.175889"/>
  </rectangles>
</CONSTAT_AXA>
