<?xml version="1.0" encoding="UTF-8"?>
<CONSTAT_AXA>
  <Date Date="04/09/2013"/>
  <Heure Heure="18h30"/>
  <Pays Pays="france"/>
  <Lieu Lieu="Meusque"/>
  <Blesses Is_Blesses="no"/>
  <Degats>
    <Degats_voitures Is_Degats_sur_Voitures="no"/>
    <Degats_objets Is_Degats_sur_Objets="no"/>
  </Degats>
  <Circonstances>
    <Circonstance_Voiture_A numero_cases_cochees=""/>
    <Circonstance_Voiture_B numero_cases_cochees="17"/>
  </Circonstances>
  <Zones_de_choc>
    <voiture_A zone="côté droit "/>
    <voiture_B zone="cpoté gauche "/>
  </Zones_de_choc>
  <rectangles>
    <Rectangle legende="un" w="0.0197628" x="0.0349144" y="0.0451354" h="0.0170512"/>
    <Rectangle legende="date" w="0.165349" x="0.0375494" y="0.0421264" h="0.0341023"/>
    <Rectangle legende="heure" w="0.0645586" x="0.200922" y="0.0421264" h="0.0361083"/>
    <Rectangle legende="deux" w="0.0151515" x="0.272069" y="0.0451354" h="0.0160481"/>
    <Rectangle legende="localisation" w="0.111989" x="0.272069" y="0.0421264" h="0.0320963"/>
    <Rectangle legende="lieu" w="0.189065" x="0.384058" y="0.0441324" h="0.0310933"/>
    <Rectangle legende="trois" w="0.0223979" x="0.57971" y="0.0461384" h="0.0150451"/>
    <Rectangle legende="blesses" w="0.108696" x="0.57971" y="0.0451354" h="0.0310933"/>
    <Rectangle legende="quatre" w="0.0184453" x="0.0355731" y="0.0762287" h="0.0190572"/>
    <Rectangle legende="blessesV" w="0.152174" x="0.0362319" y="0.0802407" h="0.0491474"/>
    <Rectangle legende="blessesO" w="0.167325" x="0.18643" y="0.0812437" h="0.0441324"/>
    <Rectangle legende="c1" w="0.016469" x="0.376153" y="0.193581" h="0.00802407"/>
    <Rectangle legende="c2" w="0.0118577" x="0.378129" y="0.208626" h="0.00902708"/>
    <Rectangle legende="c3" w="0.0144928" x="0.376812" y="0.237713" h="0.00601805"/>
    <Rectangle legende="c4" w="0.0131752" x="0.378129" y="0.254764" h="0.0110331"/>
    <Rectangle legende="c5" w="0.0131752" x="0.378788" y="0.284855" h="0.0100301"/>
    <Rectangle legende="c6" w="0.0131752" x="0.37747" y="0.312939" h="0.00802407"/>
    <Rectangle legende="c7" w="0.0151515" x="0.37747" y="0.341023" h="0.0100301"/>
    <Rectangle legende="c8" w="0.013834" x="0.379447" y="0.369107" h="0.00902708"/>
    <Rectangle legende="c9" w="0.0125165" x="0.378788" y="0.405216" h="0.00902708"/>
    <Rectangle legende="c10" w="0.0125165" x="0.37747" y="0.435306" h="0.00802407"/>
    <Rectangle legende="c11" w="0.0125165" x="0.379447" y="0.452357" h="0.0100301"/>
    <Rectangle legende="c12" w="0.013834" x="0.378788" y="0.472417" h="0.00902708"/>
    <Rectangle legende="c13" w="0.0111989" x="0.378788" y="0.491474" h="0.00802407"/>
    <Rectangle legende="c14" w="0.0118577" x="0.378788" y="0.509529" h="0.0110331"/>
    <Rectangle legende="c15" w="0.0125165" x="0.37747" y="0.529589" h="0.00802407"/>
    <Rectangle legende="c16" w="0.0131752" x="0.37747" y="0.565697" h="0.0100301"/>
    <Rectangle legende="c17" w="0.0144928" x="0.378129" y="0.594784" h="0.0100301"/>
    <Rectangle legende="c18" w="0.0118577" x="0.613966" y="0.193581" h="0.00902708"/>
    <Rectangle legende="c19" w="0.0131752" x="0.613966" y="0.208626" h="0.0110331"/>
    <Rectangle legende="c20" w="0.0118577" x="0.613966" y="0.238716" h="0.00601805"/>
    <Rectangle legende="c21" w="0.0144928" x="0.613307" y="0.254764" h="0.0110331"/>
    <Rectangle legende="c22" w="0.0144928" x="0.613307" y="0.285858" h="0.0100301"/>
    <Rectangle legende="c23" w="0.0144928" x="0.612648" y="0.311936" h="0.0140421"/>
    <Rectangle legende="c24" w="0.0151515" x="0.611989" y="0.341023" h="0.0110331"/>
    <Rectangle legende="c25" w="0.0144928" x="0.613307" y="0.367101" h="0.0110331"/>
    <Rectangle legende="c26" w="0.0144928" x="0.611989" y="0.405216" h="0.00902708"/>
    <Rectangle legende="c27" w="0.0125165" x="0.611331" y="0.434303" h="0.00802407"/>
    <Rectangle legende="c28" w="0.0118577" x="0.613307" y="0.452357" h="0.0110331"/>
    <Rectangle legende="c29" w="0.0158103" x="0.611331" y="0.472417" h="0.00902708"/>
    <Rectangle legende="c30" w="0.0131752" x="0.611331" y="0.49348" h="0.0100301"/>
    <Rectangle legende="c31" w="0.013834" x="0.611989" y="0.511535" h="0.00601805"/>
    <Rectangle legende="c32" w="0.0151515" x="0.611989" y="0.528586" h="0.0110331"/>
    <Rectangle legende="c33" w="0.0111989" x="0.611331" y="0.5667" h="0.00902708"/>
    <Rectangle legende="c34" w="0.0191041" x="0.611989" y="0.595787" h="0.0140421"/>
    <Rectangle legende="dix" w="0.0210804" x="0.0362319" y="0.709127" h="0.0180542"/>
    <Rectangle legende="onze" w="0.0237154" x="0.791831" y="0.712136" h="0.0150451"/>
    <Rectangle legende="zoneA" w="0.173254" x="0.0382082" y="0.711133" h="0.121364"/>
    <Rectangle legende="zoneB" w="0.171937" x="0.791831" y="0.711133" h="0.122367"/>
  </rectangles>
</CONSTAT_AXA>
