<?xml version="1.0" encoding="UTF-8"?>
<CONSTAT_AXA>
  <Date Date="01/07/2013"/>
  <Heure Heure=""/>
  <Pays Pays="FRANCE"/>
  <Lieu Lieu="LESTAS&#x9;"/>
  <Blesses Is_Blesses="no"/>
  <Degats>
    <Degats_voitures Is_Degats_sur_Voitures="no"/>
    <Degats_objets Is_Degats_sur_Objets="no"/>
  </Degats>
  <Circonstances>
    <Circonstance_Voiture_A numero_cases_cochees="4;14"/>
    <Circonstance_Voiture_B numero_cases_cochees=""/>
  </Circonstances>
  <Zones_de_choc>
    <voiture_A zone="arrière gauche"/>
    <voiture_B zone=""/>
  </Zones_de_choc>
  <rectangles>
    <Rectangle w="0.0191041" x="0.00922266" y="0.0501505" h="0.0180542" legende="un"/>
    <Rectangle w="0.161397" x="0.0105402" y="0.0511535" h="0.0391174" legende="date"/>
    <Rectangle w="0.0704875" x="0.172596" y="0.0491474" h="0.0351053" legende="heure"/>
    <Rectangle w="0.0177866" x="0.247694" y="0.0501505" h="0.0190572" legende="deux"/>
    <Rectangle w="0.114625" x="0.250329" y="0.0511535" h="0.0330993" legende="localisation"/>
    <Rectangle w="0.201581" x="0.363636" y="0.0501505" h="0.0361083" legende="lieu"/>
    <Rectangle w="0.0184453" x="0.571805" y="0.0521565" h="0.0160481" legende="trois"/>
    <Rectangle w="0.107378" x="0.573123" y="0.0521565" h="0.0351053" legende="blesses"/>
    <Rectangle w="0.0158103" x="0.00988142" y="0.0882648" h="0.0160481" legende="quatre"/>
    <Rectangle w="0.153491" x="0.00922266" y="0.0882648" h="0.0461384" legende="blessesV"/>
    <Rectangle w="0.174572" x="0.162055" y="0.0852558" h="0.0491474" legende="blessesO"/>
    <Rectangle w="0.013834" x="0.361001" y="0.198596" h="0.0110331" legende="c1"/>
    <Rectangle w="0.0131752" x="0.362319" y="0.208626" h="0.0130391" legende="c2"/>
    <Rectangle w="0.0144928" x="0.362319" y="0.240722" h="0.0110331" legende="c3"/>
    <Rectangle w="0.0151515" x="0.36166" y="0.258776" h="0.0120361" legende="c4"/>
    <Rectangle w="0.0111989" x="0.363636" y="0.288867" h="0.0110331" legende="c5"/>
    <Rectangle w="0.0131752" x="0.36166" y="0.31996" h="0.00902708" legende="c6"/>
    <Rectangle w="0.013834" x="0.362319" y="0.348044" h="0.0120361" legende="c7"/>
    <Rectangle w="0.0125165" x="0.363636" y="0.378134" h="0.00902708" legende="c8"/>
    <Rectangle w="0.013834" x="0.363636" y="0.418255" h="0.0110331" legende="c9"/>
    <Rectangle w="0.0118577" x="0.363636" y="0.447342" h="0.0120361" legende="c10"/>
    <Rectangle w="0.0144928" x="0.362978" y="0.467402" h="0.0110331" legende="c11"/>
    <Rectangle w="0.0131752" x="0.363636" y="0.486459" h="0.00902708" legende="c12"/>
    <Rectangle w="0.0105402" x="0.363636" y="0.503511" h="0.0100301" legende="c13"/>
    <Rectangle w="0.0131752" x="0.363636" y="0.520562" h="0.0130391" legende="c14"/>
    <Rectangle w="0.0158103" x="0.362319" y="0.541625" h="0.0100301" legende="c15"/>
    <Rectangle w="0.0125165" x="0.363636" y="0.581745" h="0.0110331" legende="c16"/>
    <Rectangle w="0.0131752" x="0.363636" y="0.609829" h="0.00802407" legende="c17"/>
    <Rectangle w="0.0144928" x="0.609354" y="0.198596" h="0.0100301" legende="c18"/>
    <Rectangle w="0.0151515" x="0.609354" y="0.211635" h="0.0110331" legende="c19"/>
    <Rectangle w="0.0105402" x="0.611331" y="0.241725" h="0.0100301" legende="c20"/>
    <Rectangle w="0.0144928" x="0.609354" y="0.259779" h="0.0100301" legende="c21"/>
    <Rectangle w="0.0158103" x="0.608696" y="0.288867" h="0.0130391" legende="c22"/>
    <Rectangle w="0.0131752" x="0.610672" y="0.31996" h="0.00902708" legende="c23"/>
    <Rectangle w="0.0131752" x="0.610672" y="0.349047" h="0.0110331" legende="c24"/>
    <Rectangle w="0.0131752" x="0.610013" y="0.378134" h="0.0100301" legende="c25"/>
    <Rectangle w="0.0118577" x="0.611331" y="0.419258" h="0.00802407" legende="c26"/>
    <Rectangle w="0.013834" x="0.611331" y="0.448345" h="0.0100301" legende="c27"/>
    <Rectangle w="0.013834" x="0.610672" y="0.467402" h="0.0100301" legende="c28"/>
    <Rectangle w="0.013834" x="0.611331" y="0.485456" h="0.00902708" legende="c29"/>
    <Rectangle w="0.0131752" x="0.611331" y="0.503511" h="0.00902708" legende="c30"/>
    <Rectangle w="0.013834" x="0.610672" y="0.523571" h="0.00601805" legende="c31"/>
    <Rectangle w="0.0151515" x="0.610013" y="0.540622" h="0.00802407" legende="c32"/>
    <Rectangle w="0.0151515" x="0.610013" y="0.580742" h="0.0100301" legende="c33"/>
    <Rectangle w="0.013834" x="0.610672" y="0.610833" h="0.0110331" legende="c34"/>
    <Rectangle w="0.0197628" x="0.0131752" y="0.722166" h="0.0180542" legende="dix"/>
    <Rectangle w="0.0191041" x="0.805665" y="0.719157" h="0.0170512" legende="onze"/>
    <Rectangle w="0.173913" x="0.0131752" y="0.721164" h="0.127382" legende="zoneA"/>
    <Rectangle w="0.177866" x="0.806324" y="0.72016" h="0.124373" legende="zoneB"/>
  </rectangles>
</CONSTAT_AXA>
