<?xml version="1.0" encoding="UTF-8"?>
<CONSTAT_AXA>
  <Date Date="14/01/2013"/>
  <Heure Heure="16h30"/>
  <Pays Pays="france"/>
  <Lieu Lieu="Bd Henri Barbuse"/>
  <Blesses Is_Blesses="no"/>
  <Degats>
    <Degats_voitures Is_Degats_sur_Voitures="yes"/>
    <Degats_objets Is_Degats_sur_Objets="no"/>
  </Degats>
  <Circonstances>
    <Circonstance_Voiture_A numero_cases_cochees=""/>
    <Circonstance_Voiture_B numero_cases_cochees="10;13;15"/>
  </Circonstances>
  <Zones_de_choc>
    <voiture_A zone="avant gauche "/>
    <voiture_B zone=""/>
  </Zones_de_choc>
  <rectangles>
    <Rectangle w="0.0177866" x="0.0184453" y="0.0631896" h="0.0150451" legende="un"/>
    <Rectangle w="0.15942" x="0.0191041" y="0.0621866" h="0.0330993" legende="date"/>
    <Rectangle w="0.0665349" x="0.176548" y="0.0621866" h="0.0341023" legende="heure"/>
    <Rectangle w="0.0197628" x="0.250329" y="0.0621866" h="0.0170512" legende="deux"/>
    <Rectangle w="0.109354" x="0.249671" y="0.0611835" h="0.0341023" legende="localisation"/>
    <Rectangle w="0.193017" x="0.359025" y="0.0611835" h="0.0371113" legende="lieu"/>
    <Rectangle w="0.016469" x="0.559947" y="0.0631896" h="0.0160481" legende="trois"/>
    <Rectangle w="0.131752" x="0.561265" y="0.0621866" h="0.0421264" legende="blesses"/>
    <Rectangle w="0.0177866" x="0.0204216" y="0.0932798" h="0.0190572" legende="quatre"/>
    <Rectangle w="0.150856" x="0.0217391" y="0.0932798" h="0.0461384" legende="blessesV"/>
    <Rectangle w="0.16469" x="0.172596" y="0.0942829" h="0.0451354" legende="blessesO"/>
    <Rectangle w="0.0118577" x="0.357708" y="0.205617" h="0.00702106" legende="c1"/>
    <Rectangle w="0.0131752" x="0.358366" y="0.215647" h="0.00802407" legende="c2"/>
    <Rectangle w="0.00988142" x="0.358366" y="0.243731" h="0.00902708" legende="c3"/>
    <Rectangle w="0.0118577" x="0.357049" y="0.264794" h="0.00802407" legende="c4"/>
    <Rectangle w="0.0118577" x="0.357708" y="0.293882" h="0.00802407" legende="c5"/>
    <Rectangle w="0.0105402" x="0.358366" y="0.321966" h="0.00902708" legende="c6"/>
    <Rectangle w="0.0111989" x="0.357049" y="0.352056" h="0.00702106" legende="c7"/>
    <Rectangle w="0.0118577" x="0.357049" y="0.378134" h="0.0130391" legende="c8"/>
    <Rectangle w="0.0131752" x="0.357708" y="0.42327" h="0.0110331" legende="c9"/>
    <Rectangle w="0.0111989" x="0.359684" y="0.449348" h="0.00802407" legende="c10"/>
    <Rectangle w="0.0105402" x="0.357708" y="0.467402" h="0.00802407" legende="c11"/>
    <Rectangle w="0.0118577" x="0.357049" y="0.485456" h="0.00802407" legende="c12"/>
    <Rectangle w="0.00988142" x="0.357708" y="0.501505" h="0.00902708" legende="c13"/>
    <Rectangle w="0.0105402" x="0.358366" y="0.520562" h="0.00802407" legende="c14"/>
    <Rectangle w="0.0111989" x="0.357049" y="0.538616" h="0.00902708" legende="c15"/>
    <Rectangle w="0.0125165" x="0.358366" y="0.57673" h="0.00702106" legende="c16"/>
    <Rectangle w="0.00988142" x="0.357049" y="0.605817" h="0.00902708" legende="c17"/>
    <Rectangle w="0.0118577" x="0.593544" y="0.205617" h="0.00802407" legende="c18"/>
    <Rectangle w="0.013834" x="0.593544" y="0.21665" h="0.00802407" legende="c19"/>
    <Rectangle w="0.0105402" x="0.594203" y="0.243731" h="0.00802407" legende="c20"/>
    <Rectangle w="0.0111989" x="0.594203" y="0.264794" h="0.0100301" legende="c21"/>
    <Rectangle w="0.0125165" x="0.592885" y="0.292879" h="0.0110331" legende="c22"/>
    <Rectangle w="0.0125165" x="0.592885" y="0.320963" h="0.0100301" legende="c23"/>
    <Rectangle w="0.0118577" x="0.594862" y="0.352056" h="0.0100301" legende="c24"/>
    <Rectangle w="0.0144928" x="0.592227" y="0.38014" h="0.0110331" legende="c25"/>
    <Rectangle w="0.0111989" x="0.593544" y="0.420261" h="0.0100301" legende="c26"/>
    <Rectangle w="0.0131752" x="0.592885" y="0.447342" h="0.0120361" legende="c27"/>
    <Rectangle w="0.0125165" x="0.592227" y="0.467402" h="0.00802407" legende="c28"/>
    <Rectangle w="0.0125165" x="0.593544" y="0.485456" h="0.00902708" legende="c29"/>
    <Rectangle w="0.0131752" x="0.592885" y="0.501505" h="0.0130391" legende="c30"/>
    <Rectangle w="0.0118577" x="0.593544" y="0.520562" h="0.0120361" legende="c31"/>
    <Rectangle w="0.0144928" x="0.592227" y="0.540622" h="0.0100301" legende="c32"/>
    <Rectangle w="0.0151515" x="0.592227" y="0.57673" h="0.0120361" legende="c33"/>
    <Rectangle w="0.0131752" x="0.592885" y="0.60682" h="0.0110331" legende="c34"/>
    <Rectangle w="0.0177866" x="0.0191041" y="0.711133" h="0.0170512" legende="dix"/>
    <Rectangle w="0.0177866" x="0.769433" y="0.712136" h="0.0210632" legende="onze"/>
    <Rectangle w="0.168643" x="0.0177866" y="0.711133" h="0.127382" legende="zoneA"/>
    <Rectangle w="0.167325" x="0.770751" y="0.714142" h="0.125376" legende="zoneB"/>
  </rectangles>
</CONSTAT_AXA>
