<?xml version="1.0" encoding="UTF-8"?>
<CONSTAT_AXA>
  <Date Date="28/06/2013"/>
  <Heure Heure="03h00"/>
  <Pays Pays="Toulouse"/>
  <Lieu Lieu="Rocade Sortie 17"/>
  <Blesses Is_Blesses="no"/>
  <Degats>
    <Degats_voitures Is_Degats_sur_Voitures="no"/>
    <Degats_objets Is_Degats_sur_Objets="no"/>
  </Degats>
  <Circonstances>
    <Circonstance_Voiture_A numero_cases_cochees="côté droit "/>
    <Circonstance_Voiture_B numero_cases_cochees=""/>
  </Circonstances>
  <Zones_de_choc>
    <voiture_A zone=""/>
    <voiture_B zone=""/>
  </Zones_de_choc>
  <rectangles>
    <Rectangle w="0.0151515" x="0.0177866" y="0.0330993" h="0.0170512" legende="un"/>
    <Rectangle w="0.16996" x="0.0171278" y="0.0320963" h="0.0320963" legende="date"/>
    <Rectangle w="0.06917" x="0.18643" y="0.0330993" h="0.0310933" legende="heure"/>
    <Rectangle w="0.0171278" x="0.260211" y="0.0320963" h="0.0170512" legende="deux"/>
    <Rectangle w="0.116601" x="0.259552" y="0.0320963" h="0.0300903" legende="localisation"/>
    <Rectangle w="0.198287" x="0.375494" y="0.0320963" h="0.0310933" legende="lieu"/>
    <Rectangle w="0.0191041" x="0.582345" y="0.0330993" h="0.0190572" legende="trois"/>
    <Rectangle w="0.104084" x="0.583004" y="0.0320963" h="0.0330993" legende="blesses"/>
    <Rectangle w="0.0191041" x="0.0171278" y="0.0641926" h="0.0180542" legende="quatre"/>
    <Rectangle w="0.154809" x="0.0171278" y="0.0651956" h="0.0511535" legende="blessesV"/>
    <Rectangle w="0.176548" x="0.16996" y="0.0672016" h="0.0481444" legende="blessesO"/>
    <Rectangle w="0.013834" x="0.370883" y="0.184554" h="0.0110331" legende="c1"/>
    <Rectangle w="0.0125165" x="0.371542" y="0.198596" h="0.0110331" legende="c2"/>
    <Rectangle w="0.0144928" x="0.370224" y="0.227683" h="0.0120361" legende="c3"/>
    <Rectangle w="0.0105402" x="0.371542" y="0.249749" h="0.00601805" legende="c4"/>
    <Rectangle w="0.013834" x="0.370883" y="0.27683" h="0.0100301" legende="c5"/>
    <Rectangle w="0.013834" x="0.370883" y="0.306921" h="0.00902708" legende="c6"/>
    <Rectangle w="0.0144928" x="0.370224" y="0.335005" h="0.00802407" legende="c7"/>
    <Rectangle w="0.0131752" x="0.370883" y="0.362086" h="0.0110331" legende="c8"/>
    <Rectangle w="0.0144928" x="0.369565" y="0.402207" h="0.00802407" legende="c9"/>
    <Rectangle w="0.013834" x="0.370224" y="0.430291" h="0.00902708" legende="c10"/>
    <Rectangle w="0.0151515" x="0.369565" y="0.451354" h="0.0100301" legende="c11"/>
    <Rectangle w="0.0151515" x="0.369565" y="0.470411" h="0.0110331" legende="c12"/>
    <Rectangle w="0.0125165" x="0.370883" y="0.491474" h="0.00802407" legende="c13"/>
    <Rectangle w="0.0144928" x="0.369565" y="0.509529" h="0.0110331" legende="c14"/>
    <Rectangle w="0.0144928" x="0.370224" y="0.529589" h="0.0110331" legende="c15"/>
    <Rectangle w="0.013834" x="0.370224" y="0.568706" h="0.0100301" legende="c16"/>
    <Rectangle w="0.0131752" x="0.370224" y="0.59679" h="0.0100301" legende="c17"/>
    <Rectangle w="0.0144928" x="0.614625" y="0.184554" h="0.0100301" legende="c18"/>
    <Rectangle w="0.0158103" x="0.614625" y="0.200602" h="0.0100301" legende="c19"/>
    <Rectangle w="0.0131752" x="0.616601" y="0.227683" h="0.0120361" legende="c20"/>
    <Rectangle w="0.013834" x="0.615283" y="0.248746" h="0.0110331" legende="c21"/>
    <Rectangle w="0.0158103" x="0.613307" y="0.27683" h="0.00802407" legende="c22"/>
    <Rectangle w="0.0144928" x="0.615283" y="0.305918" h="0.0110331" legende="c23"/>
    <Rectangle w="0.0131752" x="0.615283" y="0.334002" h="0.00902708" legende="c24"/>
    <Rectangle w="0.0131752" x="0.615942" y="0.363089" h="0.00902708" legende="c25"/>
    <Rectangle w="0.013834" x="0.615283" y="0.401204" h="0.0100301" legende="c26"/>
    <Rectangle w="0.0144928" x="0.615283" y="0.432297" h="0.00802407" legende="c27"/>
    <Rectangle w="0.0171278" x="0.614625" y="0.450351" h="0.0110331" legende="c28"/>
    <Rectangle w="0.0131752" x="0.615942" y="0.471414" h="0.0100301" legende="c29"/>
    <Rectangle w="0.0125165" x="0.615942" y="0.490471" h="0.0100301" legende="c30"/>
    <Rectangle w="0.013834" x="0.61726" y="0.509529" h="0.0120361" legende="c31"/>
    <Rectangle w="0.0151515" x="0.613307" y="0.530592" h="0.00802407" legende="c32"/>
    <Rectangle w="0.013834" x="0.613966" y="0.567703" h="0.00902708" legende="c33"/>
    <Rectangle w="0.0131752" x="0.613966" y="0.59679" h="0.0110331" legende="c34"/>
    <Rectangle w="0.0177866" x="0.0144928" y="0.711133" h="0.0220662" legende="dix"/>
    <Rectangle w="0.0184453" x="0.801054" y="0.713139" h="0.0190572" legende="onze"/>
    <Rectangle w="0.180501" x="0.0144928" y="0.712136" h="0.132397" legende="zoneA"/>
    <Rectangle w="0.178524" x="0.802372" y="0.712136" h="0.129388" legende="zoneB"/>
  </rectangles>
</CONSTAT_AXA>
