<?xml version="1.0" encoding="UTF-8"?>
<CONSTAT_AXA>
  <Date Date="05/10/2013"/>
  <Heure Heure="07H00"/>
  <Pays Pays=""/>
  <Lieu Lieu="12 RUE YVON Marisencal"/>
  <Blesses Is_Blesses="no"/>
  <Degats>
    <Degats_voitures Is_Degats_sur_Voitures="no"/>
    <Degats_objets Is_Degats_sur_Objets="yes"/>
  </Degats>
  <Circonstances>
    <Circonstance_Voiture_A numero_cases_cochees=""/>
    <Circonstance_Voiture_B numero_cases_cochees=""/>
  </Circonstances>
  <Zones_de_choc>
    <voiture_A zone="avant gauche "/>
    <voiture_B zone=""/>
  </Zones_de_choc>
  <rectangles>
    <Rectangle w="0.0184453" x="0.013834" y="0.0310933" h="0.0150451" legende="un"/>
    <Rectangle w="0.167984" x="0.0125165" y="0.0290873" h="0.0320963" legende="date"/>
    <Rectangle w="0.0704875" x="0.178524" y="0.0290873" h="0.0320963" legende="heure"/>
    <Rectangle w="0.0204216" x="0.250988" y="0.0270812" h="0.0190572" legende="deux"/>
    <Rectangle w="0.110672" x="0.252964" y="0.0280843" h="0.0300903" legende="localisation"/>
    <Rectangle w="0.206851" x="0.364295" y="0.0310933" h="0.0290873" legende="lieu"/>
    <Rectangle w="0.0184453" x="0.577075" y="0.0310933" h="0.0140421" legende="trois"/>
    <Rectangle w="0.106719" x="0.575099" y="0.0310933" h="0.0290873" legende="blesses"/>
    <Rectangle w="0.0223979" x="0.0111989" y="0.0641926" h="0.0170512" legende="quatre"/>
    <Rectangle w="0.156126" x="0.013834" y="0.0641926" h="0.0481444" legende="blessesV"/>
    <Rectangle w="0.173254" x="0.169302" y="0.0661986" h="0.0431294" legende="blessesO"/>
    <Rectangle w="0.016469" x="0.364295" y="0.177533" h="0.0140421" legende="c1"/>
    <Rectangle w="0.0151515" x="0.364295" y="0.192578" h="0.0110331" legende="c2"/>
    <Rectangle w="0.0171278" x="0.362978" y="0.222668" h="0.0140421" legende="c3"/>
    <Rectangle w="0.0158103" x="0.364295" y="0.243731" h="0.0100301" legende="c4"/>
    <Rectangle w="0.0151515" x="0.364295" y="0.271815" h="0.0110331" legende="c5"/>
    <Rectangle w="0.0158103" x="0.364295" y="0.300903" h="0.0110331" legende="c6"/>
    <Rectangle w="0.0151515" x="0.364295" y="0.335005" h="0.0110331" legende="c7"/>
    <Rectangle w="0.0151515" x="0.364295" y="0.365095" h="0.0110331" legende="c8"/>
    <Rectangle w="0.013834" x="0.364954" y="0.406219" h="0.0130391" legende="c9"/>
    <Rectangle w="0.0151515" x="0.364954" y="0.437312" h="0.0110331" legende="c10"/>
    <Rectangle w="0.013834" x="0.365613" y="0.457372" h="0.00902708" legende="c11"/>
    <Rectangle w="0.0131752" x="0.365613" y="0.474423" h="0.0110331" legende="c12"/>
    <Rectangle w="0.013834" x="0.364954" y="0.492477" h="0.0100301" legende="c13"/>
    <Rectangle w="0.0131752" x="0.365613" y="0.511535" h="0.0100301" legende="c14"/>
    <Rectangle w="0.0144928" x="0.364295" y="0.530592" h="0.00902708" legende="c15"/>
    <Rectangle w="0.0131752" x="0.365613" y="0.572718" h="0.00902708" legende="c16"/>
    <Rectangle w="0.0144928" x="0.365613" y="0.601805" h="0.0110331" legende="c17"/>
    <Rectangle w="0.0144928" x="0.612648" y="0.178536" h="0.00802407" legende="c18"/>
    <Rectangle w="0.0144928" x="0.613966" y="0.190572" h="0.0110331" legende="c19"/>
    <Rectangle w="0.016469" x="0.611989" y="0.222668" h="0.0110331" legende="c20"/>
    <Rectangle w="0.0144928" x="0.613307" y="0.242728" h="0.00902708" legende="c21"/>
    <Rectangle w="0.013834" x="0.613307" y="0.272818" h="0.0100301" legende="c22"/>
    <Rectangle w="0.0151515" x="0.613307" y="0.300903" h="0.0110331" legende="c23"/>
    <Rectangle w="0.0151515" x="0.611989" y="0.331996" h="0.0120361" legende="c24"/>
    <Rectangle w="0.0144928" x="0.613307" y="0.364092" h="0.0100301" legende="c25"/>
    <Rectangle w="0.013834" x="0.613307" y="0.406219" h="0.0110331" legende="c26"/>
    <Rectangle w="0.0125165" x="0.614625" y="0.437312" h="0.00902708" legende="c27"/>
    <Rectangle w="0.0125165" x="0.613966" y="0.456369" h="0.00902708" legende="c28"/>
    <Rectangle w="0.0125165" x="0.613966" y="0.474423" h="0.0100301" legende="c29"/>
    <Rectangle w="0.013834" x="0.613966" y="0.491474" h="0.0100301" legende="c30"/>
    <Rectangle w="0.0131752" x="0.614625" y="0.511535" h="0.0110331" legende="c31"/>
    <Rectangle w="0.013834" x="0.614625" y="0.531595" h="0.0100301" legende="c32"/>
    <Rectangle w="0.013834" x="0.613966" y="0.571715" h="0.0100301" legende="c33"/>
    <Rectangle w="0.013834" x="0.613966" y="0.600802" h="0.00902708" legende="c34"/>
    <Rectangle w="0.0243742" x="0.0125165" y="0.712136" h="0.0210632" legende="dix"/>
    <Rectangle w="0.0223979" x="0.800395" y="0.712136" h="0.0190572" legende="onze"/>
    <Rectangle w="0.177866" x="0.0144928" y="0.714142" h="0.130391" legende="zoneA"/>
    <Rectangle w="0.182477" x="0.800395" y="0.709127" h="0.1334" legende="zoneB"/>
  </rectangles>
</CONSTAT_AXA>
