<?xml version="1.0" encoding="UTF-8"?>
<CONSTAT_AXA>
  <Date Date="19/09/2013"/>
  <Heure Heure="13h15"/>
  <Pays Pays=""/>
  <Lieu Lieu="BUC (78)"/>
  <Blesses Is_Blesses="no"/>
  <Degats>
    <Degats_voitures Is_Degats_sur_Voitures="no"/>
    <Degats_objets Is_Degats_sur_Objets="no"/>
  </Degats>
  <Circonstances>
    <Circonstance_Voiture_A numero_cases_cochees="1"/>
    <Circonstance_Voiture_B numero_cases_cochees="11"/>
  </Circonstances>
  <Zones_de_choc>
    <voiture_A zone="arrière gauche "/>
    <voiture_B zone="côté droit "/>
  </Zones_de_choc>
  <rectangles>
    <Rectangle w="0.0223979" x="0.0105402" y="0.0320963" h="0.0180542" legende="un"/>
    <Rectangle w="0.16996" x="0.0105402" y="0.0320963" h="0.0320963" legende="date"/>
    <Rectangle w="0.06917" x="0.179842" y="0.0330993" h="0.0330993" legende="heure"/>
    <Rectangle w="0.0191041" x="0.254941" y="0.0320963" h="0.0160481" legende="deux"/>
    <Rectangle w="0.113307" x="0.256258" y="0.0330993" h="0.0310933" legende="localisation"/>
    <Rectangle w="0.199605" x="0.370883" y="0.0320963" h="0.0290873" legende="lieu"/>
    <Rectangle w="0.0210804" x="0.579051" y="0.0330993" h="0.0150451" legende="trois"/>
    <Rectangle w="0.0974967" x="0.57971" y="0.0330993" h="0.0300903" legende="blesses"/>
    <Rectangle w="0.0204216" x="0.0111989" y="0.0672016" h="0.0150451" legende="quatre"/>
    <Rectangle w="0.151515" x="0.0111989" y="0.0682046" h="0.0461384" legende="blessesV"/>
    <Rectangle w="0.177207" x="0.164032" y="0.0661986" h="0.0481444" legende="blessesO"/>
    <Rectangle w="0.0171278" x="0.365613" y="0.185557" h="0.0120361" legende="c1"/>
    <Rectangle w="0.0151515" x="0.366271" y="0.200602" h="0.0120361" legende="c2"/>
    <Rectangle w="0.016469" x="0.365613" y="0.228686" h="0.0120361" legende="c3"/>
    <Rectangle w="0.016469" x="0.365613" y="0.248746" h="0.0120361" legende="c4"/>
    <Rectangle w="0.0151515" x="0.36693" y="0.27683" h="0.0130391" legende="c5"/>
    <Rectangle w="0.016469" x="0.366271" y="0.307924" h="0.0120361" legende="c6"/>
    <Rectangle w="0.0158103" x="0.365613" y="0.336008" h="0.0110331" legende="c7"/>
    <Rectangle w="0.013834" x="0.36693" y="0.365095" h="0.0110331" legende="c8"/>
    <Rectangle w="0.0144928" x="0.36693" y="0.402207" h="0.0130391" legende="c9"/>
    <Rectangle w="0.013834" x="0.36693" y="0.4333" h="0.0110331" legende="c10"/>
    <Rectangle w="0.013834" x="0.36693" y="0.45336" h="0.00902708" legende="c11"/>
    <Rectangle w="0.013834" x="0.367589" y="0.474423" h="0.00802407" legende="c12"/>
    <Rectangle w="0.013834" x="0.366271" y="0.492477" h="0.0100301" legende="c13"/>
    <Rectangle w="0.013834" x="0.36693" y="0.511535" h="0.0110331" legende="c14"/>
    <Rectangle w="0.0144928" x="0.367589" y="0.531595" h="0.0110331" legende="c15"/>
    <Rectangle w="0.0131752" x="0.368248" y="0.570712" h="0.0110331" legende="c16"/>
    <Rectangle w="0.0131752" x="0.368248" y="0.598796" h="0.00902708" legende="c17"/>
    <Rectangle w="0.0131752" x="0.613966" y="0.185557" h="0.00902708" legende="c18"/>
    <Rectangle w="0.0144928" x="0.613966" y="0.199599" h="0.0110331" legende="c19"/>
    <Rectangle w="0.0144928" x="0.612648" y="0.229689" h="0.0100301" legende="c20"/>
    <Rectangle w="0.0144928" x="0.613966" y="0.249749" h="0.00902708" legende="c21"/>
    <Rectangle w="0.0144928" x="0.613966" y="0.277833" h="0.0110331" legende="c22"/>
    <Rectangle w="0.0151515" x="0.612648" y="0.306921" h="0.0120361" legende="c23"/>
    <Rectangle w="0.0144928" x="0.613966" y="0.337011" h="0.00902708" legende="c24"/>
    <Rectangle w="0.013834" x="0.613966" y="0.365095" h="0.0100301" legende="c25"/>
    <Rectangle w="0.0144928" x="0.613307" y="0.404213" h="0.0100301" legende="c26"/>
    <Rectangle w="0.013834" x="0.613966" y="0.432297" h="0.0120361" legende="c27"/>
    <Rectangle w="0.013834" x="0.613307" y="0.45336" h="0.0100301" legende="c28"/>
    <Rectangle w="0.0144928" x="0.613966" y="0.47342" h="0.0100301" legende="c29"/>
    <Rectangle w="0.013834" x="0.613307" y="0.49348" h="0.00902708" legende="c30"/>
    <Rectangle w="0.0131752" x="0.613966" y="0.513541" h="0.00902708" legende="c31"/>
    <Rectangle w="0.013834" x="0.613966" y="0.531595" h="0.0110331" legende="c32"/>
    <Rectangle w="0.0144928" x="0.612648" y="0.569709" h="0.0100301" legende="c33"/>
    <Rectangle w="0.013834" x="0.613307" y="0.599799" h="0.0110331" legende="c34"/>
    <Rectangle w="0.0217391" x="0.0105402" y="0.716148" h="0.0190572" legende="dix"/>
    <Rectangle w="0.0191041" x="0.804348" y="0.717151" h="0.0150451" legende="onze"/>
    <Rectangle w="0.177866" x="0.0111989" y="0.716148" h="0.128385" legende="zoneA"/>
    <Rectangle w="0.179842" x="0.805007" y="0.716148" h="0.128385" legende="zoneB"/>
  </rectangles>
</CONSTAT_AXA>
