<?xml version="1.0" encoding="UTF-8"?>
<CONSTAT_AXA>
  <Date Date="09/12/2014"/>
  <Heure Heure="14h50"/>
  <Pays Pays="France"/>
  <Lieu Lieu="Marseille"/>
  <Blesses Is_Blesses="no"/>
  <Degats>
    <Degats_voitures Is_Degats_sur_Voitures="no"/>
    <Degats_objets Is_Degats_sur_Objets="no"/>
  </Degats>
  <Circonstances>
    <Circonstance_Voiture_A numero_cases_cochees="7"/>
    <Circonstance_Voiture_B numero_cases_cochees="7"/>
  </Circonstances>
  <Zones_de_choc>
    <voiture_A zone="arrière droit "/>
    <voiture_B zone="milieu gauche "/>
  </Zones_de_choc>
  <rectangles>
    <Rectangle w="0.0184453" x="0.00988142" y="0.0341023" h="0.0160481" legende="un"/>
    <Rectangle w="0.172596" x="0.00988142" y="0.0341023" h="0.0341023" legende="date"/>
    <Rectangle w="0.0704875" x="0.181159" y="0.0351053" h="0.0320963" legende="heure"/>
    <Rectangle w="0.0204216" x="0.254282" y="0.0320963" h="0.0180542" legende="deux"/>
    <Rectangle w="0.115942" x="0.255599" y="0.0341023" h="0.0320963" legende="localisation"/>
    <Rectangle w="0.200264" x="0.370883" y="0.0341023" h="0.0320963" legende="lieu"/>
    <Rectangle w="0.0177866" x="0.581686" y="0.0330993" h="0.0170512" legende="trois"/>
    <Rectangle w="0.121871" x="0.581686" y="0.0341023" h="0.0320963" legende="blesses"/>
    <Rectangle w="0.0191041" x="0.0111989" y="0.0692076" h="0.0150451" legende="quatre"/>
    <Rectangle w="0.156126" x="0.0111989" y="0.0672016" h="0.0511535" legende="blessesV"/>
    <Rectangle w="0.175889" x="0.166667" y="0.0682046" h="0.0491474" legende="blessesO"/>
    <Rectangle w="0.0158103" x="0.36693" y="0.18656" h="0.0110331" legende="c1"/>
    <Rectangle w="0.0144928" x="0.368248" y="0.202608" h="0.00902708" legende="c2"/>
    <Rectangle w="0.0131752" x="0.368906" y="0.230692" h="0.0110331" legende="c3"/>
    <Rectangle w="0.0131752" x="0.368906" y="0.251755" h="0.00902708" legende="c4"/>
    <Rectangle w="0.0144928" x="0.368248" y="0.27984" h="0.0110331" legende="c5"/>
    <Rectangle w="0.0125165" x="0.369565" y="0.30993" h="0.00902708" legende="c6"/>
    <Rectangle w="0.0144928" x="0.369565" y="0.338014" h="0.0110331" legende="c7"/>
    <Rectangle w="0.0151515" x="0.367589" y="0.367101" h="0.00902708" legende="c8"/>
    <Rectangle w="0.0144928" x="0.367589" y="0.405216" h="0.0100301" legende="c9"/>
    <Rectangle w="0.0144928" x="0.369565" y="0.435306" h="0.0100301" legende="c10"/>
    <Rectangle w="0.0131752" x="0.370224" y="0.45336" h="0.0100301" legende="c11"/>
    <Rectangle w="0.0131752" x="0.370224" y="0.474423" h="0.0110331" legende="c12"/>
    <Rectangle w="0.0118577" x="0.370883" y="0.49348" h="0.0100301" legende="c13"/>
    <Rectangle w="0.0131752" x="0.370224" y="0.511535" h="0.00902708" legende="c14"/>
    <Rectangle w="0.0131752" x="0.370883" y="0.533601" h="0.00802407" legende="c15"/>
    <Rectangle w="0.0125165" x="0.370883" y="0.570712" h="0.00902708" legende="c16"/>
    <Rectangle w="0.0144928" x="0.368906" y="0.597793" h="0.0110331" legende="c17"/>
    <Rectangle w="0.013834" x="0.615942" y="0.185557" h="0.0140421" legende="c18"/>
    <Rectangle w="0.0151515" x="0.614625" y="0.202608" h="0.0100301" legende="c19"/>
    <Rectangle w="0.013834" x="0.615283" y="0.231695" h="0.0110331" legende="c20"/>
    <Rectangle w="0.0158103" x="0.615283" y="0.249749" h="0.0110331" legende="c21"/>
    <Rectangle w="0.013834" x="0.615283" y="0.27984" h="0.0110331" legende="c22"/>
    <Rectangle w="0.0144928" x="0.615283" y="0.308927" h="0.0100301" legende="c23"/>
    <Rectangle w="0.0158103" x="0.615283" y="0.336008" h="0.0140421" legende="c24"/>
    <Rectangle w="0.0144928" x="0.615283" y="0.366098" h="0.0100301" legende="c25"/>
    <Rectangle w="0.0131752" x="0.616601" y="0.405216" h="0.0110331" legende="c26"/>
    <Rectangle w="0.0171278" x="0.613966" y="0.432297" h="0.0120361" legende="c27"/>
    <Rectangle w="0.0151515" x="0.614625" y="0.45336" h="0.0110331" legende="c28"/>
    <Rectangle w="0.0144928" x="0.616601" y="0.47342" h="0.0110331" legende="c29"/>
    <Rectangle w="0.0158103" x="0.615283" y="0.49348" h="0.0110331" legende="c30"/>
    <Rectangle w="0.0151515" x="0.613966" y="0.512538" h="0.0100301" legende="c31"/>
    <Rectangle w="0.0131752" x="0.615942" y="0.533601" h="0.0100301" legende="c32"/>
    <Rectangle w="0.0151515" x="0.613966" y="0.569709" h="0.0100301" legende="c33"/>
    <Rectangle w="0.0144928" x="0.615283" y="0.597793" h="0.0100301" legende="c34"/>
    <Rectangle w="0.0197628" x="0.0125165" y="0.714142" h="0.0180542" legende="dix"/>
    <Rectangle w="0.0184453" x="0.806324" y="0.716148" h="0.0170512" legende="onze"/>
    <Rectangle w="0.178524" x="0.0144928" y="0.716148" h="0.131394" legende="zoneA"/>
    <Rectangle w="0.178524" x="0.806983" y="0.716148" h="0.129388" legende="zoneB"/>
  </rectangles>
</CONSTAT_AXA>
