<?xml version="1.0" encoding="UTF-8"?>
<CONSTAT_AXA>
  <Date Date="08/06/2013"/>
  <Heure Heure="18h45"/>
  <Pays Pays="France"/>
  <Lieu Lieu="Leclercs FAMECK"/>
  <Blesses Is_Blesses="no"/>
  <Degats>
    <Degats_voitures Is_Degats_sur_Voitures="no"/>
    <Degats_objets Is_Degats_sur_Objets="no"/>
  </Degats>
  <Circonstances>
    <Circonstance_Voiture_A numero_cases_cochees="1"/>
    <Circonstance_Voiture_B numero_cases_cochees=""/>
  </Circonstances>
  <Zones_de_choc>
    <voiture_A zone="avant arrière cpoté gauche et droit"/>
    <voiture_B zone=""/>
  </Zones_de_choc>
  <rectangles>
    <Rectangle legende="un" w="0.0210804" x="0.0217391" y="0.0260782" h="0.0160481"/>
    <Rectangle legende="date" w="0.168643" x="0.0210804" y="0.0270812" h="0.0341023"/>
    <Rectangle legende="heure" w="0.0678524" x="0.189723" y="0.0270812" h="0.0330993"/>
    <Rectangle legende="deux" w="0.0197628" x="0.261528" y="0.0260782" h="0.0180542"/>
    <Rectangle legende="localisation" w="0.116601" x="0.26087" y="0.0260782" h="0.0320963"/>
    <Rectangle legende="lieu" w="0.200922" x="0.374835" y="0.0250752" h="0.0361083"/>
    <Rectangle legende="trois" w="0.0184453" x="0.586298" y="0.0270812" h="0.0150451"/>
    <Rectangle legende="blesses" w="0.0862978" x="0.586957" y="0.0250752" h="0.0330993"/>
    <Rectangle legende="quatre" w="0.0210804" x="0.0210804" y="0.0601805" h="0.0160481"/>
    <Rectangle legende="blessesV" w="0.152174" x="0.0223979" y="0.0601805" h="0.0511535"/>
    <Rectangle legende="blessesO" w="0.173254" x="0.174572" y="0.0611835" h="0.0481444"/>
    <Rectangle legende="c1" w="0.0144928" x="0.373518" y="0.178536" h="0.0120361"/>
    <Rectangle legende="c2" w="0.0144928" x="0.373518" y="0.195587" h="0.0100301"/>
    <Rectangle legende="c3" w="0.013834" x="0.374177" y="0.224674" h="0.0100301"/>
    <Rectangle legende="c4" w="0.0151515" x="0.3722" y="0.245737" h="0.00902708"/>
    <Rectangle legende="c5" w="0.0144928" x="0.373518" y="0.275827" h="0.00902708"/>
    <Rectangle legende="c6" w="0.013834" x="0.372859" y="0.303912" h="0.0110331"/>
    <Rectangle legende="c7" w="0.0151515" x="0.372859" y="0.332999" h="0.00902708"/>
    <Rectangle legende="c8" w="0.013834" x="0.373518" y="0.36008" h="0.0110331"/>
    <Rectangle legende="c9" w="0.0144928" x="0.372859" y="0.399198" h="0.0110331"/>
    <Rectangle legende="c10" w="0.0131752" x="0.374177" y="0.429288" h="0.0100301"/>
    <Rectangle legende="c11" w="0.0144928" x="0.3722" y="0.450351" h="0.0110331"/>
    <Rectangle legende="c12" w="0.013834" x="0.372859" y="0.471414" h="0.00902708"/>
    <Rectangle legende="c13" w="0.0131752" x="0.373518" y="0.491474" h="0.00802407"/>
    <Rectangle legende="c14" w="0.0158103" x="0.372859" y="0.510532" h="0.0110331"/>
    <Rectangle legende="c15" w="0.013834" x="0.373518" y="0.528586" h="0.00902708"/>
    <Rectangle legende="c16" w="0.013834" x="0.372859" y="0.567703" h="0.0110331"/>
    <Rectangle legende="c17" w="0.0144928" x="0.372859" y="0.598796" h="0.0100301"/>
    <Rectangle legende="c18" w="0.0131752" x="0.619236" y="0.182548" h="0.00802407"/>
    <Rectangle legende="c19" w="0.0131752" x="0.619895" y="0.197593" h="0.0100301"/>
    <Rectangle legende="c20" w="0.016469" x="0.617918" y="0.223671" h="0.0130391"/>
    <Rectangle legende="c21" w="0.0144928" x="0.618577" y="0.243731" h="0.0110331"/>
    <Rectangle legende="c22" w="0.0144928" x="0.618577" y="0.273821" h="0.0110331"/>
    <Rectangle legende="c23" w="0.0144928" x="0.618577" y="0.304915" h="0.0100301"/>
    <Rectangle legende="c24" w="0.0144928" x="0.619236" y="0.332999" h="0.0110331"/>
    <Rectangle legende="c25" w="0.0151515" x="0.61726" y="0.36008" h="0.0110331"/>
    <Rectangle legende="c26" w="0.0144928" x="0.618577" y="0.400201" h="0.0110331"/>
    <Rectangle legende="c27" w="0.0151515" x="0.616601" y="0.427282" h="0.0110331"/>
    <Rectangle legende="c28" w="0.013834" x="0.617918" y="0.449348" h="0.00902708"/>
    <Rectangle legende="c29" w="0.0151515" x="0.61726" y="0.469408" h="0.0100301"/>
    <Rectangle legende="c30" w="0.0144928" x="0.617918" y="0.490471" h="0.0100301"/>
    <Rectangle legende="c31" w="0.0144928" x="0.61726" y="0.510532" h="0.0100301"/>
    <Rectangle legende="c32" w="0.0151515" x="0.61726" y="0.529589" h="0.00902708"/>
    <Rectangle legende="c33" w="0.0131752" x="0.616601" y="0.568706" h="0.0100301"/>
    <Rectangle legende="c34" w="0.013834" x="0.618577" y="0.597793" h="0.0100301"/>
    <Rectangle legende="dix" w="0.0223979" x="0.0191041" y="0.718154" h="0.0150451"/>
    <Rectangle legende="onze" w="0.0204216" x="0.808959" y="0.718154" h="0.0150451"/>
    <Rectangle legende="zoneA" w="0.175889" x="0.0217391" y="0.718154" h="0.127382"/>
    <Rectangle legende="zoneB" w="0.179183" x="0.809618" y="0.718154" h="0.130391"/>
  </rectangles>
</CONSTAT_AXA>
