<?xml version="1.0" encoding="UTF-8"?>
<CONSTAT_AXA>
  <Date Date="27/09/2013"/>
  <Heure Heure="17h20"/>
  <Pays Pays="France"/>
  <Lieu Lieu="Rouen"/>
  <Blesses Is_Blesses="no"/>
  <Degats>
    <Degats_voitures Is_Degats_sur_Voitures="no"/>
    <Degats_objets Is_Degats_sur_Objets="no"/>
  </Degats>
  <Circonstances>
    <Circonstance_Voiture_A numero_cases_cochees=""/>
    <Circonstance_Voiture_B numero_cases_cochees="17"/>
  </Circonstances>
  <Zones_de_choc>
    <voiture_A zone="toute la moto"/>
    <voiture_B zone="avant "/>
  </Zones_de_choc>
  <rectangles>
    <Rectangle w="0.0177866" x="0.0184453" y="0.0541625" h="0.0130391" legende="un"/>
    <Rectangle w="0.166008" x="0.0184453" y="0.0511535" h="0.0310933" legende="date"/>
    <Rectangle w="0.0698287" x="0.181818" y="0.0501505" h="0.0310933" legende="heure"/>
    <Rectangle w="0.0158103" x="0.257576" y="0.0501505" h="0.0190572" legende="deux"/>
    <Rectangle w="0.111989" x="0.258235" y="0.0501505" h="0.0320963" legende="localisation"/>
    <Rectangle w="0.201581" x="0.369565" y="0.0491474" h="0.0320963" legende="lieu"/>
    <Rectangle w="0.0151515" x="0.580369" y="0.0511535" h="0.0150451" legende="trois"/>
    <Rectangle w="0.105402" x="0.580369" y="0.0511535" h="0.0290873" legende="blesses"/>
    <Rectangle w="0.0158103" x="0.0191041" y="0.0862588" h="0.0140421" legende="quatre"/>
    <Rectangle w="0.152833" x="0.0197628" y="0.0872618" h="0.0451354" legende="blessesV"/>
    <Rectangle w="0.174572" x="0.171937" y="0.0852558" h="0.0461384" legende="blessesO"/>
    <Rectangle w="0.013834" x="0.370224" y="0.19659" h="0.0110331" legende="c1"/>
    <Rectangle w="0.0144928" x="0.369565" y="0.210632" h="0.00902708" legende="c2"/>
    <Rectangle w="0.0131752" x="0.370224" y="0.238716" h="0.00902708" legende="c3"/>
    <Rectangle w="0.0131752" x="0.370883" y="0.258776" h="0.00802407" legende="c4"/>
    <Rectangle w="0.013834" x="0.370224" y="0.285858" h="0.0110331" legende="c5"/>
    <Rectangle w="0.0144928" x="0.369565" y="0.315948" h="0.0100301" legende="c6"/>
    <Rectangle w="0.013834" x="0.371542" y="0.346038" h="0.00902708" legende="c7"/>
    <Rectangle w="0.0131752" x="0.371542" y="0.375125" h="0.0110331" legende="c8"/>
    <Rectangle w="0.0131752" x="0.370883" y="0.415246" h="0.0110331" legende="c9"/>
    <Rectangle w="0.013834" x="0.371542" y="0.445336" h="0.0110331" legende="c10"/>
    <Rectangle w="0.0131752" x="0.371542" y="0.46339" h="0.0110331" legende="c11"/>
    <Rectangle w="0.0125165" x="0.371542" y="0.482447" h="0.00902708" legende="c12"/>
    <Rectangle w="0.0144928" x="0.370883" y="0.501505" h="0.0100301" legende="c13"/>
    <Rectangle w="0.013834" x="0.371542" y="0.520562" h="0.00802407" legende="c14"/>
    <Rectangle w="0.0151515" x="0.370224" y="0.537613" h="0.0120361" legende="c15"/>
    <Rectangle w="0.0131752" x="0.370883" y="0.579739" h="0.00802407" legende="c16"/>
    <Rectangle w="0.0125165" x="0.3722" y="0.607823" h="0.0100301" legende="c17"/>
    <Rectangle w="0.013834" x="0.617918" y="0.19659" h="0.0110331" legende="c18"/>
    <Rectangle w="0.0118577" x="0.617918" y="0.209629" h="0.00902708" legende="c19"/>
    <Rectangle w="0.0131752" x="0.617918" y="0.238716" h="0.0100301" legende="c20"/>
    <Rectangle w="0.0131752" x="0.61726" y="0.258776" h="0.00902708" legende="c21"/>
    <Rectangle w="0.0144928" x="0.616601" y="0.286861" h="0.0120361" legende="c22"/>
    <Rectangle w="0.013834" x="0.61726" y="0.317954" h="0.00902708" legende="c23"/>
    <Rectangle w="0.0144928" x="0.61726" y="0.347041" h="0.00902708" legende="c24"/>
    <Rectangle w="0.0144928" x="0.61726" y="0.374122" h="0.0140421" legende="c25"/>
    <Rectangle w="0.0144928" x="0.61726" y="0.416249" h="0.0110331" legende="c26"/>
    <Rectangle w="0.0125165" x="0.619895" y="0.445336" h="0.0110331" legende="c27"/>
    <Rectangle w="0.0125165" x="0.618577" y="0.464393" h="0.0110331" legende="c28"/>
    <Rectangle w="0.0118577" x="0.618577" y="0.48345" h="0.00902708" legende="c29"/>
    <Rectangle w="0.0131752" x="0.618577" y="0.502508" h="0.00902708" legende="c30"/>
    <Rectangle w="0.0118577" x="0.618577" y="0.519559" h="0.0110331" legende="c31"/>
    <Rectangle w="0.0111989" x="0.619236" y="0.539619" h="0.00902708" legende="c32"/>
    <Rectangle w="0.0144928" x="0.61726" y="0.579739" h="0.0110331" legende="c33"/>
    <Rectangle w="0.0131752" x="0.617918" y="0.602808" h="0.0140421" legende="c34"/>
    <Rectangle w="0.0210804" x="0.0197628" y="0.717151" h="0.0160481" legende="dix"/>
    <Rectangle w="0.0191041" x="0.809618" y="0.717151" h="0.0140421" legende="onze"/>
    <Rectangle w="0.175231" x="0.0210804" y="0.716148" h="0.128385" legende="zoneA"/>
    <Rectangle w="0.175231" x="0.809618" y="0.717151" h="0.124373" legende="zoneB"/>
  </rectangles>
</CONSTAT_AXA>
