<?xml version="1.0" encoding="UTF-8"?>
<CONSTAT_AXA>
  <Date Date="06/11/2013"/>
  <Heure Heure="17h15"/>
  <Pays Pays="France"/>
  <Lieu Lieu="Vendôme"/>
  <Blesses Is_Blesses="no"/>
  <Degats>
    <Degats_voitures Is_Degats_sur_Voitures="no"/>
    <Degats_objets Is_Degats_sur_Objets="no"/>
  </Degats>
  <Circonstances>
    <Circonstance_Voiture_A numero_cases_cochees="13"/>
    <Circonstance_Voiture_B numero_cases_cochees=""/>
  </Circonstances>
  <Zones_de_choc>
    <voiture_A zone="devant droit "/>
    <voiture_B zone="devant "/>
  </Zones_de_choc>
  <rectangles>
    <Rectangle w="0.013834" x="0.0230567" y="0.0341023" h="0.0170512" legende="un"/>
    <Rectangle w="0.161397" x="0.0223979" y="0.0330993" h="0.0371113" legende="date"/>
    <Rectangle w="0.0711462" x="0.183794" y="0.0320963" h="0.0341023" legende="heure"/>
    <Rectangle w="0.0171278" x="0.259552" y="0.0341023" h="0.0160481" legende="deux"/>
    <Rectangle w="0.112648" x="0.258893" y="0.0330993" h="0.0300903" legende="localisation"/>
    <Rectangle w="0.201581" x="0.370883" y="0.0320963" h="0.0330993" legende="lieu"/>
    <Rectangle w="0.0158103" x="0.579051" y="0.0351053" h="0.0140421" legende="trois"/>
    <Rectangle w="0.118577" x="0.579051" y="0.0330993" h="0.0310933" legende="blesses"/>
    <Rectangle w="0.0158103" x="0.0197628" y="0.0712136" h="0.0160481" legende="quatre"/>
    <Rectangle w="0.155468" x="0.0197628" y="0.0702106" h="0.0471414" legende="blessesV"/>
    <Rectangle w="0.173254" x="0.173913" y="0.0712136" h="0.0471414" legende="blessesO"/>
    <Rectangle w="0.0131752" x="0.370883" y="0.183551" h="0.0110331" legende="c1"/>
    <Rectangle w="0.013834" x="0.370883" y="0.19659" h="0.0100301" legende="c2"/>
    <Rectangle w="0.0131752" x="0.371542" y="0.229689" h="0.0110331" legende="c3"/>
    <Rectangle w="0.0131752" x="0.370883" y="0.250752" h="0.00902708" legende="c4"/>
    <Rectangle w="0.0158103" x="0.370883" y="0.27984" h="0.0100301" legende="c5"/>
    <Rectangle w="0.013834" x="0.371542" y="0.308927" h="0.0110331" legende="c6"/>
    <Rectangle w="0.0144928" x="0.370224" y="0.34002" h="0.0120361" legende="c7"/>
    <Rectangle w="0.0151515" x="0.370224" y="0.37011" h="0.00902708" legende="c8"/>
    <Rectangle w="0.0144928" x="0.370883" y="0.410231" h="0.0100301" legende="c9"/>
    <Rectangle w="0.0131752" x="0.371542" y="0.440321" h="0.0100301" legende="c10"/>
    <Rectangle w="0.013834" x="0.371542" y="0.458375" h="0.0100301" legende="c11"/>
    <Rectangle w="0.0125165" x="0.371542" y="0.477432" h="0.00902708" legende="c12"/>
    <Rectangle w="0.013834" x="0.371542" y="0.495486" h="0.0110331" legende="c13"/>
    <Rectangle w="0.0131752" x="0.371542" y="0.514544" h="0.0100301" legende="c14"/>
    <Rectangle w="0.013834" x="0.370883" y="0.534604" h="0.00902708" legende="c15"/>
    <Rectangle w="0.0151515" x="0.369565" y="0.573721" h="0.0110331" legende="c16"/>
    <Rectangle w="0.0144928" x="0.370224" y="0.603811" h="0.0120361" legende="c17"/>
    <Rectangle w="0.013834" x="0.619895" y="0.183551" h="0.0110331" legende="c18"/>
    <Rectangle w="0.013834" x="0.619236" y="0.19659" h="0.00902708" legende="c19"/>
    <Rectangle w="0.0131752" x="0.619895" y="0.228686" h="0.0110331" legende="c20"/>
    <Rectangle w="0.013834" x="0.619236" y="0.248746" h="0.0120361" legende="c21"/>
    <Rectangle w="0.0151515" x="0.619236" y="0.27984" h="0.0130391" legende="c22"/>
    <Rectangle w="0.0158103" x="0.617918" y="0.30993" h="0.0100301" legende="c23"/>
    <Rectangle w="0.0158103" x="0.617918" y="0.34002" h="0.0110331" legende="c24"/>
    <Rectangle w="0.0125165" x="0.620553" y="0.367101" h="0.0120361" legende="c25"/>
    <Rectangle w="0.0131752" x="0.619895" y="0.410231" h="0.0100301" legende="c26"/>
    <Rectangle w="0.013834" x="0.621212" y="0.439318" h="0.0130391" legende="c27"/>
    <Rectangle w="0.013834" x="0.619895" y="0.458375" h="0.0100301" legende="c28"/>
    <Rectangle w="0.013834" x="0.619236" y="0.478435" h="0.00802407" legende="c29"/>
    <Rectangle w="0.013834" x="0.619236" y="0.495486" h="0.0120361" legende="c30"/>
    <Rectangle w="0.0131752" x="0.619895" y="0.513541" h="0.0120361" legende="c31"/>
    <Rectangle w="0.0125165" x="0.620553" y="0.532598" h="0.0120361" legende="c32"/>
    <Rectangle w="0.0118577" x="0.619895" y="0.575727" h="0.0110331" legende="c33"/>
    <Rectangle w="0.0131752" x="0.619895" y="0.60682" h="0.00802407" legende="c34"/>
    <Rectangle w="0.0171278" x="0.0210804" y="0.716148" h="0.0170512" legende="dix"/>
    <Rectangle w="0.0144928" x="0.806983" y="0.717151" h="0.0170512" legende="onze"/>
    <Rectangle w="0.172596" x="0.0204216" y="0.716148" h="0.131394" legende="zoneA"/>
    <Rectangle w="0.172596" x="0.806324" y="0.717151" h="0.129388" legende="zoneB"/>
  </rectangles>
</CONSTAT_AXA>
