<?xml version="1.0" encoding="UTF-8"?>
<CONSTAT_AXA>
  <Date Date="28/10/2014"/>
  <Heure Heure="14h10"/>
  <Pays Pays="FRANCE"/>
  <Lieu Lieu="A47 TERNAY"/>
  <Blesses Is_Blesses="no"/>
  <Degats>
    <Degats_voitures Is_Degats_sur_Voitures="yes"/>
    <Degats_objets Is_Degats_sur_Objets="yes"/>
  </Degats>
  <Circonstances>
    <Circonstance_Voiture_A numero_cases_cochees="8"/>
    <Circonstance_Voiture_B numero_cases_cochees="13"/>
  </Circonstances>
  <Zones_de_choc>
    <voiture_A zone="avant droit "/>
    <voiture_B zone="arrière gauche"/>
  </Zones_de_choc>
  <rectangles>
    <Rectangle legende="un" w="0.0171278" x="0.0388669" y="0.0591775" h="0.0180542"/>
    <Rectangle legende="date" w="0.158103" x="0.0388669" y="0.0581745" h="0.0351053"/>
    <Rectangle legende="heure" w="0.0731225" x="0.1917" y="0.0581745" h="0.0371113"/>
    <Rectangle legende="deux" w="0.0197628" x="0.266798" y="0.0571715" h="0.0200602"/>
    <Rectangle legende="localisation" w="0.113307" x="0.266798" y="0.0571715" h="0.0341023"/>
    <Rectangle legende="lieu" w="0.195652" x="0.378129" y="0.0571715" h="0.0320963"/>
    <Rectangle legende="trois" w="0.0171278" x="0.582345" y="0.0581745" h="0.0160481"/>
    <Rectangle legende="blesses" w="0.100132" x="0.581686" y="0.0561685" h="0.0341023"/>
    <Rectangle legende="quatre" w="0.0197628" x="0.0375494" y="0.0952859" h="0.0130391"/>
    <Rectangle legende="blessesV" w="0.14888" x="0.0382082" y="0.0942829" h="0.0451354"/>
    <Rectangle legende="blessesO" w="0.16996" x="0.18643" y="0.0932798" h="0.0451354"/>
    <Rectangle legende="c1" w="0.013834" x="0.37747" y="0.204614" h="0.0100301"/>
    <Rectangle legende="c2" w="0.013834" x="0.37747" y="0.21665" h="0.0100301"/>
    <Rectangle legende="c3" w="0.0125165" x="0.378788" y="0.24674" h="0.00902708"/>
    <Rectangle legende="c4" w="0.013834" x="0.378788" y="0.265797" h="0.00902708"/>
    <Rectangle legende="c5" w="0.0144928" x="0.37747" y="0.293882" h="0.00902708"/>
    <Rectangle legende="c6" w="0.0131752" x="0.378129" y="0.323972" h="0.0100301"/>
    <Rectangle legende="c7" w="0.013834" x="0.37747" y="0.353059" h="0.0120361"/>
    <Rectangle legende="c8" w="0.013834" x="0.37747" y="0.381143" h="0.0120361"/>
    <Rectangle legende="c9" w="0.0125165" x="0.378129" y="0.42327" h="0.0120361"/>
    <Rectangle legende="c10" w="0.0125165" x="0.378788" y="0.45336" h="0.00902708"/>
    <Rectangle legende="c11" w="0.0131752" x="0.378788" y="0.471414" h="0.0100301"/>
    <Rectangle legende="c12" w="0.013834" x="0.37747" y="0.490471" h="0.00902708"/>
    <Rectangle legende="c13" w="0.013834" x="0.378788" y="0.50652" h="0.0110331"/>
    <Rectangle legende="c14" w="0.0118577" x="0.378129" y="0.525577" h="0.0100301"/>
    <Rectangle legende="c15" w="0.0151515" x="0.376812" y="0.543631" h="0.0120361"/>
    <Rectangle legende="c16" w="0.0131752" x="0.378129" y="0.584754" h="0.0120361"/>
    <Rectangle legende="c17" w="0.0131752" x="0.378129" y="0.612839" h="0.0100301"/>
    <Rectangle legende="c18" w="0.0158103" x="0.61726" y="0.204614" h="0.0100301"/>
    <Rectangle legende="c19" w="0.0144928" x="0.617918" y="0.215647" h="0.0110331"/>
    <Rectangle legende="c20" w="0.013834" x="0.617918" y="0.24674" h="0.0100301"/>
    <Rectangle legende="c21" w="0.0144928" x="0.617918" y="0.263791" h="0.0100301"/>
    <Rectangle legende="c22" w="0.013834" x="0.619236" y="0.293882" h="0.0110331"/>
    <Rectangle legende="c23" w="0.0125165" x="0.618577" y="0.322969" h="0.0100301"/>
    <Rectangle legende="c24" w="0.013834" x="0.616601" y="0.355065" h="0.0100301"/>
    <Rectangle legende="c25" w="0.0151515" x="0.61726" y="0.384152" h="0.00902708"/>
    <Rectangle legende="c26" w="0.0144928" x="0.618577" y="0.422267" h="0.0110331"/>
    <Rectangle legende="c27" w="0.0131752" x="0.617918" y="0.45336" h="0.00902708"/>
    <Rectangle legende="c28" w="0.0131752" x="0.618577" y="0.471414" h="0.00902708"/>
    <Rectangle legende="c29" w="0.0125165" x="0.619236" y="0.490471" h="0.00702106"/>
    <Rectangle legende="c30" w="0.013834" x="0.617918" y="0.507523" h="0.0100301"/>
    <Rectangle legende="c31" w="0.013834" x="0.61726" y="0.52658" h="0.00902708"/>
    <Rectangle legende="c32" w="0.013834" x="0.618577" y="0.543631" h="0.00902708"/>
    <Rectangle legende="c33" w="0.0131752" x="0.617918" y="0.585757" h="0.00802407"/>
    <Rectangle legende="c34" w="0.0125165" x="0.618577" y="0.611835" h="0.0120361"/>
    <Rectangle legende="dix" w="0.0210804" x="0.0355731" y="0.72317" h="0.0190572"/>
    <Rectangle legende="onze" w="0.0210804" x="0.80303" y="0.721164" h="0.0180542"/>
    <Rectangle legende="zoneA" w="0.170619" x="0.0362319" y="0.724173" h="0.127382"/>
    <Rectangle legende="zoneB" w="0.170619" x="0.80303" y="0.722166" h="0.12337"/>
  </rectangles>
</CONSTAT_AXA>
