<?xml version="1.0" encoding="UTF-8"?>
<CONSTAT_AXA>
  <Date Date="18/06/2014"/>
  <Heure Heure="19h00"/>
  <Pays Pays="France"/>
  <Lieu Lieu="Parking Intermarché Peronne"/>
  <Blesses Is_Blesses="no"/>
  <Degats>
    <Degats_voitures Is_Degats_sur_Voitures="no"/>
    <Degats_objets Is_Degats_sur_Objets="no"/>
  </Degats>
  <Circonstances>
    <Circonstance_Voiture_A numero_cases_cochees="4"/>
    <Circonstance_Voiture_B numero_cases_cochees="5"/>
  </Circonstances>
  <Zones_de_choc>
    <voiture_A zone="avant gauche"/>
    <voiture_B zone="avant droit"/>
  </Zones_de_choc>
  <rectangles>
    <Rectangle w="0.0177866" x="0.013834" y="0.0310933" h="0.0160481" legende="un"/>
    <Rectangle w="0.166667" x="0.0151515" y="0.0330993" h="0.0310933" legende="date"/>
    <Rectangle w="0.0671937" x="0.181818" y="0.0320963" h="0.0330993" legende="heure"/>
    <Rectangle w="0.0197628" x="0.254282" y="0.0310933" h="0.0170512" legende="deux"/>
    <Rectangle w="0.115283" x="0.254941" y="0.0330993" h="0.0290873" legende="localisation"/>
    <Rectangle w="0.200264" x="0.368906" y="0.0310933" h="0.0330993" legende="lieu"/>
    <Rectangle w="0.0217391" x="0.576416" y="0.0290873" h="0.0170512" legende="trois"/>
    <Rectangle w="0.0948617" x="0.576416" y="0.0280843" h="0.0361083" legende="blesses"/>
    <Rectangle w="0.0191041" x="0.0131752" y="0.0651956" h="0.0160481" legende="quatre"/>
    <Rectangle w="0.155468" x="0.0125165" y="0.0651956" h="0.0461384" legende="blessesV"/>
    <Rectangle w="0.175231" x="0.165349" y="0.0641926" h="0.0501505" legende="blessesO"/>
    <Rectangle w="0.0144928" x="0.366271" y="0.183551" h="0.0120361" legende="c1"/>
    <Rectangle w="0.013834" x="0.366271" y="0.199599" h="0.0100301" legende="c2"/>
    <Rectangle w="0.0131752" x="0.367589" y="0.227683" h="0.0100301" legende="c3"/>
    <Rectangle w="0.0144928" x="0.36693" y="0.247743" h="0.0110331" legende="c4"/>
    <Rectangle w="0.013834" x="0.36693" y="0.275827" h="0.0110331" legende="c5"/>
    <Rectangle w="0.0144928" x="0.366271" y="0.304915" h="0.0100301" legende="c6"/>
    <Rectangle w="0.0144928" x="0.36693" y="0.334002" h="0.0100301" legende="c7"/>
    <Rectangle w="0.013834" x="0.366271" y="0.364092" h="0.0100301" legende="c8"/>
    <Rectangle w="0.013834" x="0.366271" y="0.401204" h="0.0110331" legende="c9"/>
    <Rectangle w="0.0151515" x="0.365613" y="0.429288" h="0.0110331" legende="c10"/>
    <Rectangle w="0.0144928" x="0.365613" y="0.450351" h="0.0110331" legende="c11"/>
    <Rectangle w="0.013834" x="0.36693" y="0.469408" h="0.0110331" legende="c12"/>
    <Rectangle w="0.013834" x="0.36693" y="0.488465" h="0.0120361" legende="c13"/>
    <Rectangle w="0.0144928" x="0.366271" y="0.509529" h="0.0110331" legende="c14"/>
    <Rectangle w="0.0151515" x="0.366271" y="0.529589" h="0.0120361" legende="c15"/>
    <Rectangle w="0.013834" x="0.36693" y="0.568706" h="0.00902708" legende="c16"/>
    <Rectangle w="0.0144928" x="0.36693" y="0.59679" h="0.0110331" legende="c17"/>
    <Rectangle w="0.013834" x="0.611989" y="0.183551" h="0.0110331" legende="c18"/>
    <Rectangle w="0.0131752" x="0.612648" y="0.198596" h="0.0100301" legende="c19"/>
    <Rectangle w="0.0144928" x="0.611989" y="0.227683" h="0.0110331" legende="c20"/>
    <Rectangle w="0.013834" x="0.612648" y="0.247743" h="0.00902708" legende="c21"/>
    <Rectangle w="0.016469" x="0.610013" y="0.274824" h="0.0130391" legende="c22"/>
    <Rectangle w="0.013834" x="0.611331" y="0.303912" h="0.0110331" legende="c23"/>
    <Rectangle w="0.013834" x="0.611989" y="0.334002" h="0.0100301" legende="c24"/>
    <Rectangle w="0.013834" x="0.611331" y="0.362086" h="0.0110331" legende="c25"/>
    <Rectangle w="0.0151515" x="0.611989" y="0.400201" h="0.0110331" legende="c26"/>
    <Rectangle w="0.0144928" x="0.612648" y="0.430291" h="0.0100301" legende="c27"/>
    <Rectangle w="0.0144928" x="0.611331" y="0.450351" h="0.0110331" legende="c28"/>
    <Rectangle w="0.013834" x="0.612648" y="0.470411" h="0.0100301" legende="c29"/>
    <Rectangle w="0.0144928" x="0.611989" y="0.489468" h="0.0110331" legende="c30"/>
    <Rectangle w="0.0158103" x="0.611331" y="0.508526" h="0.0110331" legende="c31"/>
    <Rectangle w="0.013834" x="0.612648" y="0.529589" h="0.0100301" legende="c32"/>
    <Rectangle w="0.0144928" x="0.610672" y="0.567703" h="0.00802407" legende="c33"/>
    <Rectangle w="0.0144928" x="0.611331" y="0.594784" h="0.0110331" legende="c34"/>
    <Rectangle w="0.0197628" x="0.0131752" y="0.714142" h="0.0160481" legende="dix"/>
    <Rectangle w="0.0204216" x="0.799736" y="0.712136" h="0.0180542" legende="onze"/>
    <Rectangle w="0.178524" x="0.0131752" y="0.713139" h="0.127382" legende="zoneA"/>
    <Rectangle w="0.177866" x="0.801713" y="0.713139" h="0.129388" legende="zoneB"/>
  </rectangles>
</CONSTAT_AXA>
