<?xml version="1.0" encoding="UTF-8"?>
<CONSTAT_AXA>
  <Date Date="16/10/2014"/>
  <Heure Heure="13h30"/>
  <Pays Pays="France"/>
  <Lieu Lieu="St Genis Pouilly "/>
  <Blesses Is_Blesses="no"/>
  <Degats>
    <Degats_voitures Is_Degats_sur_Voitures="no"/>
    <Degats_objets Is_Degats_sur_Objets="yes"/>
  </Degats>
  <Circonstances>
    <Circonstance_Voiture_A numero_cases_cochees="8"/>
    <Circonstance_Voiture_B numero_cases_cochees="1"/>
  </Circonstances>
  <Zones_de_choc>
    <voiture_A zone="avant "/>
    <voiture_B zone=""/>
  </Zones_de_choc>
  <rectangles>
    <Rectangle legende="un" w="0.0210804" x="0.00658762" y="0.0260782" h="0.0160481"/>
    <Rectangle legende="date" w="0.172596" x="0.00724638" y="0.0260782" h="0.0320963"/>
    <Rectangle legende="heure" w="0.06917" x="0.179183" y="0.0280843" h="0.0300903"/>
    <Rectangle legende="deux" w="0.0210804" x="0.252306" y="0.0250752" h="0.0160481"/>
    <Rectangle legende="localisation" w="0.118577" x="0.251647" y="0.0240722" h="0.0351053"/>
    <Rectangle legende="lieu" w="0.199605" x="0.370883" y="0.0250752" h="0.0351053"/>
    <Rectangle legende="trois" w="0.0184453" x="0.581686" y="0.0280843" h="0.0140421"/>
    <Rectangle legende="blesses" w="0.120553" x="0.581028" y="0.0260782" h="0.0330993"/>
    <Rectangle legende="quatre" w="0.0210804" x="0.00790514" y="0.0601805" h="0.0180542"/>
    <Rectangle legende="blessesV" w="0.158762" x="0.00724638" y="0.0611835" h="0.0511535"/>
    <Rectangle legende="blessesO" w="0.175889" x="0.166008" y="0.0601805" h="0.0521565"/>
    <Rectangle legende="c1" w="0.0131752" x="0.36693" y="0.181545" h="0.0100301"/>
    <Rectangle legende="c2" w="0.013834" x="0.366271" y="0.197593" h="0.0110331"/>
    <Rectangle legende="c3" w="0.0144928" x="0.36693" y="0.22668" h="0.0120361"/>
    <Rectangle legende="c4" w="0.013834" x="0.36693" y="0.248746" h="0.00902708"/>
    <Rectangle legende="c5" w="0.0125165" x="0.366271" y="0.277833" h="0.0110331"/>
    <Rectangle legende="c6" w="0.0131752" x="0.366271" y="0.306921" h="0.0110331"/>
    <Rectangle legende="c7" w="0.0151515" x="0.364295" y="0.336008" h="0.0120361"/>
    <Rectangle legende="c8" w="0.013834" x="0.366271" y="0.365095" h="0.0120361"/>
    <Rectangle legende="c9" w="0.0144928" x="0.364954" y="0.404213" h="0.0120361"/>
    <Rectangle legende="c10" w="0.013834" x="0.365613" y="0.436309" h="0.0100301"/>
    <Rectangle legende="c11" w="0.013834" x="0.365613" y="0.455366" h="0.0110331"/>
    <Rectangle legende="c12" w="0.013834" x="0.364954" y="0.477432" h="0.0100301"/>
    <Rectangle legende="c13" w="0.013834" x="0.364954" y="0.496489" h="0.0100301"/>
    <Rectangle legende="c14" w="0.013834" x="0.365613" y="0.515547" h="0.0110331"/>
    <Rectangle legende="c15" w="0.013834" x="0.365613" y="0.535607" h="0.0110331"/>
    <Rectangle legende="c16" w="0.0125165" x="0.364954" y="0.573721" h="0.00902708"/>
    <Rectangle legende="c17" w="0.0151515" x="0.364295" y="0.604814" h="0.0120361"/>
    <Rectangle legende="c18" w="0.0151515" x="0.613307" y="0.180542" h="0.0130391"/>
    <Rectangle legende="c19" w="0.0144928" x="0.613966" y="0.198596" h="0.0100301"/>
    <Rectangle legende="c20" w="0.0144928" x="0.613307" y="0.225677" h="0.0110331"/>
    <Rectangle legende="c21" w="0.0151515" x="0.613307" y="0.248746" h="0.0120361"/>
    <Rectangle legende="c22" w="0.0151515" x="0.613307" y="0.27683" h="0.0120361"/>
    <Rectangle legende="c23" w="0.0158103" x="0.611989" y="0.305918" h="0.0120361"/>
    <Rectangle legende="c24" w="0.0151515" x="0.611989" y="0.337011" h="0.0110331"/>
    <Rectangle legende="c25" w="0.0125165" x="0.613966" y="0.364092" h="0.0110331"/>
    <Rectangle legende="c26" w="0.0125165" x="0.613966" y="0.402207" h="0.0120361"/>
    <Rectangle legende="c27" w="0.0144928" x="0.611989" y="0.434303" h="0.0100301"/>
    <Rectangle legende="c28" w="0.0144928" x="0.611331" y="0.456369" h="0.0100301"/>
    <Rectangle legende="c29" w="0.0118577" x="0.612648" y="0.475426" h="0.0110331"/>
    <Rectangle legende="c30" w="0.0131752" x="0.611989" y="0.496489" h="0.00902708"/>
    <Rectangle legende="c31" w="0.013834" x="0.611989" y="0.514544" h="0.0120361"/>
    <Rectangle legende="c32" w="0.0118577" x="0.613307" y="0.533601" h="0.00902708"/>
    <Rectangle legende="c33" w="0.013834" x="0.610013" y="0.574724" h="0.0100301"/>
    <Rectangle legende="c34" w="0.0131752" x="0.611331" y="0.601805" h="0.0120361"/>
    <Rectangle legende="dix" w="0.0223979" x="0.00592885" y="0.726179" h="0.0170512"/>
    <Rectangle legende="onze" w="0.0223979" x="0.800395" y="0.726179" h="0.0140421"/>
    <Rectangle legende="zoneA" w="0.181818" x="0.00592885" y="0.724173" h="0.130391"/>
    <Rectangle legende="zoneB" w="0.184453" x="0.799736" y="0.72317" h="0.129388"/>
  </rectangles>
</CONSTAT_AXA>
