<?xml version="1.0" encoding="UTF-8"?>
<CONSTAT_AXA>
  <Date Date="15/06/2013"/>
  <Heure Heure="16h30"/>
  <Pays Pays="France"/>
  <Lieu Lieu="Sotteville sur Mer"/>
  <Blesses Is_Blesses="no"/>
  <Degats>
    <Degats_voitures Is_Degats_sur_Voitures="no"/>
    <Degats_objets Is_Degats_sur_Objets="no"/>
  </Degats>
  <Circonstances>
    <Circonstance_Voiture_A numero_cases_cochees="1"/>
    <Circonstance_Voiture_B numero_cases_cochees="2;14"/>
  </Circonstances>
  <Zones_de_choc>
    <voiture_A zone="côté droit "/>
    <voiture_B zone="arrière"/>
  </Zones_de_choc>
  <rectangles>
    <Rectangle w="0.0158103" x="0.0105402" y="0.0531595" h="0.0150451" legende="un"/>
    <Rectangle w="0.165349" x="0.00988142" y="0.0521565" h="0.0330993" legende="date"/>
    <Rectangle w="0.0704875" x="0.175231" y="0.0531595" h="0.0310933" legende="heure"/>
    <Rectangle w="0.0184453" x="0.250988" y="0.0501505" h="0.0180542" legende="deux"/>
    <Rectangle w="0.115942" x="0.251647" y="0.0511535" h="0.0320963" legende="localisation"/>
    <Rectangle w="0.20224" x="0.368248" y="0.0501505" h="0.0341023" legende="lieu"/>
    <Rectangle w="0.0171278" x="0.577734" y="0.0531595" h="0.0140421" legende="trois"/>
    <Rectangle w="0.121212" x="0.577734" y="0.0521565" h="0.0320963" legende="blesses"/>
    <Rectangle w="0.0171278" x="0.00988142" y="0.0842528" h="0.0170512" legende="quatre"/>
    <Rectangle w="0.156126" x="0.0085639" y="0.0822467" h="0.0491474" legende="blessesV"/>
    <Rectangle w="0.174572" x="0.166008" y="0.0862588" h="0.0501505" legende="blessesO"/>
    <Rectangle w="0.0151515" x="0.364295" y="0.195587" h="0.0130391" legende="c1"/>
    <Rectangle w="0.0144928" x="0.364295" y="0.210632" h="0.0100301" legende="c2"/>
    <Rectangle w="0.0125165" x="0.365613" y="0.239719" h="0.00902708" legende="c3"/>
    <Rectangle w="0.0144928" x="0.364954" y="0.255767" h="0.0120361" legende="c4"/>
    <Rectangle w="0.0131752" x="0.364954" y="0.287864" h="0.0120361" legende="c5"/>
    <Rectangle w="0.013834" x="0.364295" y="0.316951" h="0.0120361" legende="c6"/>
    <Rectangle w="0.0144928" x="0.363636" y="0.346038" h="0.0110331" legende="c7"/>
    <Rectangle w="0.0144928" x="0.363636" y="0.376128" h="0.0110331" legende="c8"/>
    <Rectangle w="0.0118577" x="0.365613" y="0.416249" h="0.0130391" legende="c9"/>
    <Rectangle w="0.0131752" x="0.364954" y="0.448345" h="0.00702106" legende="c10"/>
    <Rectangle w="0.0118577" x="0.365613" y="0.466399" h="0.00902708" legende="c11"/>
    <Rectangle w="0.013834" x="0.364954" y="0.48345" h="0.0110331" legende="c12"/>
    <Rectangle w="0.0131752" x="0.364954" y="0.503511" h="0.00902708" legende="c13"/>
    <Rectangle w="0.0158103" x="0.363636" y="0.520562" h="0.0100301" legende="c14"/>
    <Rectangle w="0.0144928" x="0.363636" y="0.539619" h="0.00802407" legende="c15"/>
    <Rectangle w="0.0131752" x="0.364295" y="0.578736" h="0.0110331" legende="c16"/>
    <Rectangle w="0.0144928" x="0.363636" y="0.608826" h="0.00902708" legende="c17"/>
    <Rectangle w="0.0144928" x="0.613307" y="0.198596" h="0.0110331" legende="c18"/>
    <Rectangle w="0.013834" x="0.615283" y="0.207623" h="0.0120361" legende="c19"/>
    <Rectangle w="0.0125165" x="0.614625" y="0.240722" h="0.0100301" legende="c20"/>
    <Rectangle w="0.0125165" x="0.614625" y="0.259779" h="0.0100301" legende="c21"/>
    <Rectangle w="0.013834" x="0.614625" y="0.287864" h="0.0100301" legende="c22"/>
    <Rectangle w="0.0125165" x="0.615283" y="0.316951" h="0.0100301" legende="c23"/>
    <Rectangle w="0.0158103" x="0.613307" y="0.348044" h="0.00902708" legende="c24"/>
    <Rectangle w="0.0131752" x="0.614625" y="0.377131" h="0.0100301" legende="c25"/>
    <Rectangle w="0.0151515" x="0.613966" y="0.418255" h="0.0100301" legende="c26"/>
    <Rectangle w="0.013834" x="0.614625" y="0.446339" h="0.0120361" legende="c27"/>
    <Rectangle w="0.013834" x="0.614625" y="0.465396" h="0.0100301" legende="c28"/>
    <Rectangle w="0.0151515" x="0.614625" y="0.485456" h="0.0110331" legende="c29"/>
    <Rectangle w="0.0144928" x="0.614625" y="0.502508" h="0.0110331" legende="c30"/>
    <Rectangle w="0.0177866" x="0.613307" y="0.519559" h="0.0110331" legende="c31"/>
    <Rectangle w="0.013834" x="0.613966" y="0.540622" h="0.0100301" legende="c32"/>
    <Rectangle w="0.0151515" x="0.613307" y="0.577733" h="0.0150451" legende="c33"/>
    <Rectangle w="0.0131752" x="0.613307" y="0.607823" h="0.0110331" legende="c34"/>
    <Rectangle w="0.0223979" x="0.00592885" y="0.717151" h="0.0180542" legende="dix"/>
    <Rectangle w="0.0191041" x="0.807642" y="0.719157" h="0.0150451" legende="onze"/>
    <Rectangle w="0.178524" x="0.00658762" y="0.719157" h="0.127382" legende="zoneA"/>
    <Rectangle w="0.177866" x="0.806324" y="0.717151" h="0.1334" legende="zoneB"/>
  </rectangles>
</CONSTAT_AXA>
