<?xml version="1.0" encoding="UTF-8"?>
<CONSTAT_AXA>
  <Date Date="18/04/2013"/>
  <Heure Heure="12h30"/>
  <Pays Pays="F"/>
  <Lieu Lieu="Frévent St Paul D916"/>
  <Blesses Is_Blesses="no"/>
  <Degats>
    <Degats_voitures Is_Degats_sur_Voitures="no"/>
    <Degats_objets Is_Degats_sur_Objets="no"/>
  </Degats>
  <Circonstances>
    <Circonstance_Voiture_A numero_cases_cochees=""/>
    <Circonstance_Voiture_B numero_cases_cochees=""/>
  </Circonstances>
  <Zones_de_choc>
    <voiture_A zone="côté droit "/>
    <voiture_B zone=""/>
  </Zones_de_choc>
  <rectangles>
    <Rectangle x="0.0184453" y="0.0501505" h="0.0160481" legende="un" w="0.0158103"/>
    <Rectangle x="0.0184453" y="0.0501505" h="0.0341023" legende="date" w="0.162055"/>
    <Rectangle x="0.180501" y="0.0491474" h="0.0330993" legende="heure" w="0.0698287"/>
    <Rectangle x="0.255599" y="0.0511535" h="0.0150451" legende="deux" w="0.0171278"/>
    <Rectangle x="0.254941" y="0.0481444" h="0.0330993" legende="localisation" w="0.114625"/>
    <Rectangle x="0.369565" y="0.0491474" h="0.0341023" legende="lieu" w="0.199605"/>
    <Rectangle x="0.577734" y="0.0501505" h="0.0140421" legende="trois" w="0.0158103"/>
    <Rectangle x="0.577075" y="0.0481444" h="0.0341023" legende="blesses" w="0.0928854"/>
    <Rectangle x="0.0177866" y="0.0862588" h="0.0120361" legende="quatre" w="0.0158103"/>
    <Rectangle x="0.0177866" y="0.0862588" h="0.0421264" legende="blessesV" w="0.150856"/>
    <Rectangle x="0.166008" y="0.0852558" h="0.0431294" legende="blessesO" w="0.177866"/>
    <Rectangle x="0.367589" y="0.19659" h="0.00902708" legende="c1" w="0.013834"/>
    <Rectangle x="0.366271" y="0.209629" h="0.00802407" legende="c2" w="0.0131752"/>
    <Rectangle x="0.36693" y="0.237713" h="0.0100301" legende="c3" w="0.0125165"/>
    <Rectangle x="0.36693" y="0.25677" h="0.0100301" legende="c4" w="0.0144928"/>
    <Rectangle x="0.367589" y="0.286861" h="0.00902708" legende="c5" w="0.0118577"/>
    <Rectangle x="0.367589" y="0.315948" h="0.0120361" legende="c6" w="0.0125165"/>
    <Rectangle x="0.367589" y="0.347041" h="0.0100301" legende="c7" w="0.0131752"/>
    <Rectangle x="0.36693" y="0.372116" h="0.0140421" legende="c8" w="0.0151515"/>
    <Rectangle x="0.368906" y="0.415246" h="0.00902708" legende="c9" w="0.0111989"/>
    <Rectangle x="0.36693" y="0.445336" h="0.0100301" legende="c10" w="0.013834"/>
    <Rectangle x="0.36693" y="0.465396" h="0.00802407" legende="c11" w="0.0125165"/>
    <Rectangle x="0.36693" y="0.48345" h="0.00802407" legende="c12" w="0.0125165"/>
    <Rectangle x="0.367589" y="0.500502" h="0.0120361" legende="c13" w="0.0131752"/>
    <Rectangle x="0.367589" y="0.519559" h="0.0100301" legende="c14" w="0.013834"/>
    <Rectangle x="0.367589" y="0.538616" h="0.0100301" legende="c15" w="0.013834"/>
    <Rectangle x="0.36693" y="0.579739" h="0.00802407" legende="c16" w="0.0131752"/>
    <Rectangle x="0.36693" y="0.60682" h="0.0100301" legende="c17" w="0.0131752"/>
    <Rectangle x="0.613307" y="0.198596" h="0.00902708" legende="c18" w="0.0131752"/>
    <Rectangle x="0.613966" y="0.20662" h="0.0140421" legende="c19" w="0.013834"/>
    <Rectangle x="0.613307" y="0.239719" h="0.00902708" legende="c20" w="0.0131752"/>
    <Rectangle x="0.613307" y="0.255767" h="0.0110331" legende="c21" w="0.0131752"/>
    <Rectangle x="0.612648" y="0.287864" h="0.0100301" legende="c22" w="0.0144928"/>
    <Rectangle x="0.611989" y="0.317954" h="0.0100301" legende="c23" w="0.013834"/>
    <Rectangle x="0.611989" y="0.347041" h="0.0110331" legende="c24" w="0.0158103"/>
    <Rectangle x="0.612648" y="0.375125" h="0.0110331" legende="c25" w="0.0144928"/>
    <Rectangle x="0.613307" y="0.417252" h="0.0110331" legende="c26" w="0.0144928"/>
    <Rectangle x="0.613307" y="0.447342" h="0.00902708" legende="c27" w="0.0131752"/>
    <Rectangle x="0.613307" y="0.466399" h="0.00902708" legende="c28" w="0.0125165"/>
    <Rectangle x="0.613307" y="0.484453" h="0.00802407" legende="c29" w="0.0131752"/>
    <Rectangle x="0.611989" y="0.501505" h="0.0100301" legende="c30" w="0.0151515"/>
    <Rectangle x="0.612648" y="0.519559" h="0.0100301" legende="c31" w="0.0131752"/>
    <Rectangle x="0.613307" y="0.538616" h="0.0100301" legende="c32" w="0.0125165"/>
    <Rectangle x="0.612648" y="0.578736" h="0.0100301" legende="c33" w="0.013834"/>
    <Rectangle x="0.612648" y="0.607823" h="0.0100301" legende="c34" w="0.013834"/>
    <Rectangle x="0.0184453" y="0.718154" h="0.0160481" legende="dix" w="0.0177866"/>
    <Rectangle x="0.804348" y="0.717151" h="0.0190572" legende="onze" w="0.0230567"/>
    <Rectangle x="0.0204216" y="0.719157" h="0.126379" legende="zoneA" w="0.16996"/>
    <Rectangle x="0.805007" y="0.717151" h="0.127382" legende="zoneB" w="0.175889"/>
  </rectangles>
</CONSTAT_AXA>
