<?xml version="1.0" encoding="UTF-8"?>
<CONSTAT_AXA>
  <Date Date="12/11/2013"/>
  <Heure Heure=""/>
  <Pays Pays="France"/>
  <Lieu Lieu="Quai Louis XVIII Bordeaux"/>
  <Blesses Is_Blesses="no"/>
  <Degats>
    <Degats_voitures Is_Degats_sur_Voitures="no"/>
    <Degats_objets Is_Degats_sur_Objets="no"/>
  </Degats>
  <Circonstances>
    <Circonstance_Voiture_A numero_cases_cochees=""/>
    <Circonstance_Voiture_B numero_cases_cochees="1"/>
  </Circonstances>
  <Zones_de_choc>
    <voiture_A zone="côté droit "/>
    <voiture_B zone="côté gauche "/>
  </Zones_de_choc>
  <rectangles>
    <Rectangle legende="un" w="0.0171278" x="0.00658762" y="0.0371113" h="0.0170512"/>
    <Rectangle legende="date" w="0.173913" x="0.00724638" y="0.0371113" h="0.0270812"/>
    <Rectangle legende="heure" w="0.0671937" x="0.181159" y="0.0341023" h="0.0320963"/>
    <Rectangle legende="deux" w="0.0184453" x="0.254941" y="0.0341023" h="0.0150451"/>
    <Rectangle legende="localisation" w="0.11726" x="0.254941" y="0.0341023" h="0.0320963"/>
    <Rectangle legende="lieu" w="0.200264" x="0.371542" y="0.0330993" h="0.0320963"/>
    <Rectangle legende="trois" w="0.0197628" x="0.580369" y="0.0320963" h="0.0160481"/>
    <Rectangle legende="blesses" w="0.114625" x="0.57971" y="0.0320963" h="0.0361083"/>
    <Rectangle legende="quatre" w="0.0191041" x="0.00724638" y="0.0702106" h="0.0140421"/>
    <Rectangle legende="blessesV" w="0.157444" x="0.00790514" y="0.0702106" h="0.0531595"/>
    <Rectangle legende="blessesO" w="0.179183" x="0.16469" y="0.0692076" h="0.0511535"/>
    <Rectangle legende="c1" w="0.0151515" x="0.367589" y="0.184554" h="0.0110331"/>
    <Rectangle legende="c2" w="0.0151515" x="0.368906" y="0.200602" h="0.0100301"/>
    <Rectangle legende="c3" w="0.0144928" x="0.368248" y="0.228686" h="0.0100301"/>
    <Rectangle legende="c4" w="0.013834" x="0.370224" y="0.249749" h="0.00902708"/>
    <Rectangle legende="c5" w="0.0144928" x="0.368906" y="0.277833" h="0.0110331"/>
    <Rectangle legende="c6" w="0.013834" x="0.370224" y="0.306921" h="0.0110331"/>
    <Rectangle legende="c7" w="0.0131752" x="0.370224" y="0.336008" h="0.00902708"/>
    <Rectangle legende="c8" w="0.0131752" x="0.370224" y="0.364092" h="0.0100301"/>
    <Rectangle legende="c9" w="0.0151515" x="0.369565" y="0.402207" h="0.0100301"/>
    <Rectangle legende="c10" w="0.0151515" x="0.370883" y="0.432297" h="0.0100301"/>
    <Rectangle legende="c11" w="0.0158103" x="0.369565" y="0.451354" h="0.0120361"/>
    <Rectangle legende="c12" w="0.013834" x="0.371542" y="0.471414" h="0.0110331"/>
    <Rectangle legende="c13" w="0.0131752" x="0.371542" y="0.492477" h="0.00902708"/>
    <Rectangle legende="c14" w="0.013834" x="0.371542" y="0.512538" h="0.00802407"/>
    <Rectangle legende="c15" w="0.013834" x="0.371542" y="0.531595" h="0.00902708"/>
    <Rectangle legende="c16" w="0.0131752" x="0.371542" y="0.570712" h="0.00902708"/>
    <Rectangle legende="c17" w="0.013834" x="0.3722" y="0.599799" h="0.00802407"/>
    <Rectangle legende="c18" w="0.0158103" x="0.613966" y="0.18656" h="0.00902708"/>
    <Rectangle legende="c19" w="0.0151515" x="0.614625" y="0.200602" h="0.0100301"/>
    <Rectangle legende="c20" w="0.0158103" x="0.613966" y="0.228686" h="0.0100301"/>
    <Rectangle legende="c21" w="0.0151515" x="0.613966" y="0.248746" h="0.0110331"/>
    <Rectangle legende="c22" w="0.0158103" x="0.613307" y="0.275827" h="0.0120361"/>
    <Rectangle legende="c23" w="0.013834" x="0.615283" y="0.306921" h="0.0100301"/>
    <Rectangle legende="c24" w="0.013834" x="0.615283" y="0.335005" h="0.0110331"/>
    <Rectangle legende="c25" w="0.013834" x="0.615283" y="0.365095" h="0.00802407"/>
    <Rectangle legende="c26" w="0.0144928" x="0.615942" y="0.402207" h="0.0100301"/>
    <Rectangle legende="c27" w="0.0144928" x="0.615942" y="0.432297" h="0.0110331"/>
    <Rectangle legende="c28" w="0.013834" x="0.616601" y="0.450351" h="0.0110331"/>
    <Rectangle legende="c29" w="0.0151515" x="0.615942" y="0.472417" h="0.0120361"/>
    <Rectangle legende="c30" w="0.0125165" x="0.61726" y="0.490471" h="0.00902708"/>
    <Rectangle legende="c31" w="0.013834" x="0.615942" y="0.512538" h="0.00902708"/>
    <Rectangle legende="c32" w="0.0151515" x="0.615283" y="0.530592" h="0.00802407"/>
    <Rectangle legende="c33" w="0.0125165" x="0.61726" y="0.567703" h="0.0100301"/>
    <Rectangle legende="c34" w="0.0131752" x="0.61726" y="0.597793" h="0.0110331"/>
    <Rectangle legende="dix" w="0.0210804" x="0.0131752" y="0.719157" h="0.0170512"/>
    <Rectangle legende="onze" w="0.0197628" x="0.805665" y="0.715145" h="0.0180542"/>
    <Rectangle legende="zoneA" w="0.183136" x="0.013834" y="0.718154" h="0.132397"/>
    <Rectangle legende="zoneB" w="0.181159" x="0.805665" y="0.714142" h="0.130391"/>
  </rectangles>
</CONSTAT_AXA>
