<?xml version="1.0" encoding="UTF-8"?>
<CONSTAT_AXA>
  <Date Date="02/06/2013"/>
  <Heure Heure="15h00"/>
  <Pays Pays="France"/>
  <Lieu Lieu="Argoeuves"/>
  <Blesses Is_Blesses="no"/>
  <Degats>
    <Degats_voitures Is_Degats_sur_Voitures="no"/>
    <Degats_objets Is_Degats_sur_Objets="no"/>
  </Degats>
  <Circonstances>
    <Circonstance_Voiture_A numero_cases_cochees="5"/>
    <Circonstance_Voiture_B numero_cases_cochees="1"/>
  </Circonstances>
  <Zones_de_choc>
    <voiture_A zone=""/>
    <voiture_B zone="arrière droit"/>
  </Zones_de_choc>
  <rectangles>
    <Rectangle legende="un" w="0.0171278" x="0.0177866" y="0.0341023" h="0.0140421"/>
    <Rectangle legende="date" w="0.163373" x="0.0184453" y="0.0341023" h="0.0330993"/>
    <Rectangle legende="heure" w="0.0698287" x="0.179842" y="0.0330993" h="0.0330993"/>
    <Rectangle legende="deux" w="0.0177866" x="0.254282" y="0.0320963" h="0.0160481"/>
    <Rectangle legende="localisation" w="0.115283" x="0.252306" y="0.0300903" h="0.0330993"/>
    <Rectangle legende="lieu" w="0.206192" x="0.364954" y="0.0280843" h="0.0361083"/>
    <Rectangle legende="trois" w="0.0171278" x="0.576416" y="0.0320963" h="0.0150451"/>
    <Rectangle legende="blesses" w="0.111331" x="0.575758" y="0.0300903" h="0.0320963"/>
    <Rectangle legende="quatre" w="0.0184453" x="0.0158103" y="0.0651956" h="0.0190572"/>
    <Rectangle legende="blessesV" w="0.153491" x="0.0177866" y="0.0661986" h="0.0461384"/>
    <Rectangle legende="blessesO" w="0.177207" x="0.169302" y="0.0661986" h="0.0481444"/>
    <Rectangle legende="c1" w="0.0151515" x="0.364295" y="0.181545" h="0.0120361"/>
    <Rectangle legende="c2" w="0.0151515" x="0.364295" y="0.193581" h="0.0110331"/>
    <Rectangle legende="c3" w="0.0144928" x="0.364954" y="0.221665" h="0.0130391"/>
    <Rectangle legende="c4" w="0.0131752" x="0.364954" y="0.244734" h="0.0100301"/>
    <Rectangle legende="c5" w="0.013834" x="0.364295" y="0.273821" h="0.0140421"/>
    <Rectangle legende="c6" w="0.013834" x="0.364954" y="0.303912" h="0.0120361"/>
    <Rectangle legende="c7" w="0.0131752" x="0.364954" y="0.335005" h="0.0120361"/>
    <Rectangle legende="c8" w="0.0151515" x="0.364954" y="0.365095" h="0.0140421"/>
    <Rectangle legende="c9" w="0.0144928" x="0.365613" y="0.409228" h="0.0110331"/>
    <Rectangle legende="c10" w="0.013834" x="0.365613" y="0.438315" h="0.0100301"/>
    <Rectangle legende="c11" w="0.0125165" x="0.365613" y="0.458375" h="0.00802407"/>
    <Rectangle legende="c12" w="0.0131752" x="0.365613" y="0.476429" h="0.0110331"/>
    <Rectangle legende="c13" w="0.0125165" x="0.365613" y="0.49348" h="0.0120361"/>
    <Rectangle legende="c14" w="0.0131752" x="0.365613" y="0.512538" h="0.0120361"/>
    <Rectangle legende="c15" w="0.013834" x="0.364954" y="0.531595" h="0.0110331"/>
    <Rectangle legende="c16" w="0.0144928" x="0.365613" y="0.572718" h="0.0120361"/>
    <Rectangle legende="c17" w="0.0151515" x="0.363636" y="0.601805" h="0.0100301"/>
    <Rectangle legende="c18" w="0.0151515" x="0.612648" y="0.181545" h="0.0120361"/>
    <Rectangle legende="c19" w="0.0125165" x="0.611989" y="0.194584" h="0.00902708"/>
    <Rectangle legende="c20" w="0.013834" x="0.611331" y="0.225677" h="0.0100301"/>
    <Rectangle legende="c21" w="0.0151515" x="0.610672" y="0.244734" h="0.0100301"/>
    <Rectangle legende="c22" w="0.0144928" x="0.611331" y="0.274824" h="0.0100301"/>
    <Rectangle legende="c23" w="0.0158103" x="0.610672" y="0.303912" h="0.0110331"/>
    <Rectangle legende="c24" w="0.013834" x="0.611989" y="0.335005" h="0.0100301"/>
    <Rectangle legende="c25" w="0.0144928" x="0.611331" y="0.366098" h="0.0100301"/>
    <Rectangle legende="c26" w="0.0144928" x="0.611331" y="0.409228" h="0.00902708"/>
    <Rectangle legende="c27" w="0.013834" x="0.610672" y="0.437312" h="0.0110331"/>
    <Rectangle legende="c28" w="0.013834" x="0.611989" y="0.456369" h="0.00902708"/>
    <Rectangle legende="c29" w="0.0125165" x="0.612648" y="0.477432" h="0.0100301"/>
    <Rectangle legende="c30" w="0.0131752" x="0.611989" y="0.49348" h="0.00802407"/>
    <Rectangle legende="c31" w="0.0131752" x="0.611989" y="0.512538" h="0.0110331"/>
    <Rectangle legende="c32" w="0.0151515" x="0.610672" y="0.532598" h="0.0100301"/>
    <Rectangle legende="c33" w="0.0144928" x="0.610672" y="0.572718" h="0.00802407"/>
    <Rectangle legende="c34" w="0.0144928" x="0.611331" y="0.599799" h="0.0120361"/>
    <Rectangle legende="dix" w="0.0204216" x="0.0158103" y="0.716148" h="0.0130391"/>
    <Rectangle legende="onze" w="0.0230567" x="0.797101" y="0.714142" h="0.0140421"/>
    <Rectangle legende="zoneA" w="0.173913" x="0.016469" y="0.715145" h="0.130391"/>
    <Rectangle legende="zoneB" w="0.179842" x="0.797101" y="0.714142" h="0.130391"/>
  </rectangles>
</CONSTAT_AXA>
