<?xml version="1.0" encoding="UTF-8"?>
<CONSTAT_AXA>
  <Date Date="06/09/2013"/>
  <Heure Heure="09h45"/>
  <Pays Pays="F"/>
  <Lieu Lieu="Auch 32"/>
  <Blesses Is_Blesses="no"/>
  <Degats>
    <Degats_voitures Is_Degats_sur_Voitures="no"/>
    <Degats_objets Is_Degats_sur_Objets="no"/>
  </Degats>
  <Circonstances>
    <Circonstance_Voiture_A numero_cases_cochees="2;3"/>
    <Circonstance_Voiture_B numero_cases_cochees="5"/>
  </Circonstances>
  <Zones_de_choc>
    <voiture_A zone="côté droit "/>
    <voiture_B zone="côté gauche"/>
  </Zones_de_choc>
  <rectangles>
    <Rectangle w="0.0171278" x="0.0111989" y="0.0300903" h="0.0160481" legende="un"/>
    <Rectangle w="0.163373" x="0.0118577" y="0.0320963" h="0.0320963" legende="date"/>
    <Rectangle w="0.0685112" x="0.176548" y="0.0300903" h="0.0341023" legende="heure"/>
    <Rectangle w="0.0171278" x="0.250329" y="0.0290873" h="0.0170512" legende="deux"/>
    <Rectangle w="0.113966" x="0.250988" y="0.0310933" h="0.0300903" legende="localisation"/>
    <Rectangle w="0.200922" x="0.364295" y="0.0310933" h="0.0300903" legende="lieu"/>
    <Rectangle w="0.0171278" x="0.571805" y="0.0290873" h="0.0170512" legende="trois"/>
    <Rectangle w="0.115283" x="0.571146" y="0.0300903" h="0.0320963" legende="blesses"/>
    <Rectangle w="0.0184453" x="0.0105402" y="0.0631896" h="0.0190572" legende="quatre"/>
    <Rectangle w="0.157444" x="0.0105402" y="0.0641926" h="0.0461384" legende="blessesV"/>
    <Rectangle w="0.171937" x="0.167325" y="0.0641926" h="0.0501505" legende="blessesO"/>
    <Rectangle w="0.0151515" x="0.364954" y="0.179539" h="0.0110331" legende="c1"/>
    <Rectangle w="0.0144928" x="0.364954" y="0.195587" h="0.0130391" legende="c2"/>
    <Rectangle w="0.0144928" x="0.366271" y="0.225677" h="0.0110331" legende="c3"/>
    <Rectangle w="0.0151515" x="0.365613" y="0.242728" h="0.0140421" legende="c4"/>
    <Rectangle w="0.013834" x="0.365613" y="0.272818" h="0.0120361" legende="c5"/>
    <Rectangle w="0.013834" x="0.365613" y="0.305918" h="0.00902708" legende="c6"/>
    <Rectangle w="0.0144928" x="0.366271" y="0.335005" h="0.0110331" legende="c7"/>
    <Rectangle w="0.0144928" x="0.366271" y="0.363089" h="0.0120361" legende="c8"/>
    <Rectangle w="0.0131752" x="0.366271" y="0.404213" h="0.0110331" legende="c9"/>
    <Rectangle w="0.0125165" x="0.366271" y="0.435306" h="0.0100301" legende="c10"/>
    <Rectangle w="0.0125165" x="0.365613" y="0.454363" h="0.0100301" legende="c11"/>
    <Rectangle w="0.0131752" x="0.365613" y="0.472417" h="0.00902708" legende="c12"/>
    <Rectangle w="0.0131752" x="0.366271" y="0.489468" h="0.0110331" legende="c13"/>
    <Rectangle w="0.013834" x="0.366271" y="0.511535" h="0.0100301" legende="c14"/>
    <Rectangle w="0.0144928" x="0.364954" y="0.530592" h="0.00802407" legende="c15"/>
    <Rectangle w="0.0144928" x="0.364954" y="0.570712" h="0.0110331" legende="c16"/>
    <Rectangle w="0.013834" x="0.366271" y="0.599799" h="0.0100301" legende="c17"/>
    <Rectangle w="0.0125165" x="0.612648" y="0.180542" h="0.00902708" legende="c18"/>
    <Rectangle w="0.0131752" x="0.613307" y="0.195587" h="0.00802407" legende="c19"/>
    <Rectangle w="0.0144928" x="0.612648" y="0.225677" h="0.0100301" legende="c20"/>
    <Rectangle w="0.0144928" x="0.611989" y="0.242728" h="0.0100301" legende="c21"/>
    <Rectangle w="0.0158103" x="0.611989" y="0.273821" h="0.0140421" legende="c22"/>
    <Rectangle w="0.0151515" x="0.612648" y="0.304915" h="0.0110331" legende="c23"/>
    <Rectangle w="0.013834" x="0.612648" y="0.334002" h="0.0110331" legende="c24"/>
    <Rectangle w="0.0144928" x="0.611331" y="0.362086" h="0.0120361" legende="c25"/>
    <Rectangle w="0.0151515" x="0.611989" y="0.405216" h="0.0100301" legende="c26"/>
    <Rectangle w="0.0131752" x="0.613307" y="0.435306" h="0.0120361" legende="c27"/>
    <Rectangle w="0.0125165" x="0.613307" y="0.454363" h="0.0100301" legende="c28"/>
    <Rectangle w="0.0144928" x="0.611989" y="0.47342" h="0.00902708" legende="c29"/>
    <Rectangle w="0.0144928" x="0.611989" y="0.490471" h="0.0110331" legende="c30"/>
    <Rectangle w="0.0125165" x="0.612648" y="0.510532" h="0.0100301" legende="c31"/>
    <Rectangle w="0.013834" x="0.611989" y="0.528586" h="0.0110331" legende="c32"/>
    <Rectangle w="0.013834" x="0.611989" y="0.569709" h="0.0110331" legende="c33"/>
    <Rectangle w="0.0151515" x="0.611989" y="0.600802" h="0.0100301" legende="c34"/>
    <Rectangle w="0.0191041" x="0.0125165" y="0.712136" h="0.0180542" legende="dix"/>
    <Rectangle w="0.0197628" x="0.802372" y="0.713139" h="0.0180542" legende="onze"/>
    <Rectangle w="0.175231" x="0.0131752" y="0.716148" h="0.127382" legende="zoneA"/>
    <Rectangle w="0.175889" x="0.801713" y="0.711133" h="0.131394" legende="zoneB"/>
  </rectangles>
</CONSTAT_AXA>
