<?xml version="1.0" encoding="UTF-8"?>
<CONSTAT_AXA>
  <Date Date="27/02/2015"/>
  <Heure Heure="8h20"/>
  <Pays Pays="France"/>
  <Lieu Lieu="POUSSAN (34)"/>
  <Blesses Is_Blesses="no"/>
  <Degats>
    <Degats_voitures Is_Degats_sur_Voitures="no"/>
    <Degats_objets Is_Degats_sur_Objets="no"/>
  </Degats>
  <Circonstances>
    <Circonstance_Voiture_A numero_cases_cochees="1"/>
    <Circonstance_Voiture_B numero_cases_cochees="3"/>
  </Circonstances>
  <Zones_de_choc>
    <voiture_A zone="arrière droit "/>
    <voiture_B zone=""/>
  </Zones_de_choc>
  <rectangles>
    <Rectangle legende="un" w="0.0171278" x="0.0125165" y="0.0481444" h="0.0140421"/>
    <Rectangle legende="date" w="0.165349" x="0.0125165" y="0.0511535" h="0.0320963"/>
    <Rectangle legende="heure" w="0.0698287" x="0.175889" y="0.0491474" h="0.0300903"/>
    <Rectangle legende="deux" w="0.0158103" x="0.252306" y="0.0481444" h="0.0130391"/>
    <Rectangle legende="localisation" w="0.112648" x="0.252964" y="0.0491474" h="0.0300903"/>
    <Rectangle legende="lieu" w="0.204875" x="0.364295" y="0.0471414" h="0.0310933"/>
    <Rectangle legende="trois" w="0.0204216" x="0.573781" y="0.0461384" h="0.0150451"/>
    <Rectangle legende="blesses" w="0.121212" x="0.575099" y="0.0461384" h="0.0320963"/>
    <Rectangle legende="quatre" w="0.016469" x="0.0125165" y="0.0832497" h="0.0140421"/>
    <Rectangle legende="blessesV" w="0.160079" x="0.0111989" y="0.0812437" h="0.0451354"/>
    <Rectangle legende="blessesO" w="0.173913" x="0.169302" y="0.0802407" h="0.0471414"/>
    <Rectangle legende="c1" w="0.013834" x="0.364295" y="0.193581" h="0.0110331"/>
    <Rectangle legende="c2" w="0.0125165" x="0.364954" y="0.204614" h="0.0110331"/>
    <Rectangle legende="c3" w="0.0125165" x="0.365613" y="0.235707" h="0.0100301"/>
    <Rectangle legende="c4" w="0.0125165" x="0.365613" y="0.25677" h="0.0100301"/>
    <Rectangle legende="c5" w="0.0131752" x="0.364954" y="0.285858" h="0.0100301"/>
    <Rectangle legende="c6" w="0.0118577" x="0.366271" y="0.314945" h="0.0110331"/>
    <Rectangle legende="c7" w="0.0118577" x="0.366271" y="0.347041" h="0.0100301"/>
    <Rectangle legende="c8" w="0.0105402" x="0.367589" y="0.378134" h="0.00802407"/>
    <Rectangle legende="c9" w="0.0111989" x="0.367589" y="0.421264" h="0.00802407"/>
    <Rectangle legende="c10" w="0.0118577" x="0.367589" y="0.450351" h="0.00702106"/>
    <Rectangle legende="c11" w="0.0111989" x="0.36693" y="0.468405" h="0.00702106"/>
    <Rectangle legende="c12" w="0.0118577" x="0.367589" y="0.486459" h="0.00902708"/>
    <Rectangle legende="c13" w="0.0105402" x="0.368248" y="0.505517" h="0.0110331"/>
    <Rectangle legende="c14" w="0.0111989" x="0.368248" y="0.522568" h="0.0100301"/>
    <Rectangle legende="c15" w="0.0105402" x="0.367589" y="0.545637" h="0.00702106"/>
    <Rectangle legende="c16" w="0.0118577" x="0.368248" y="0.584754" h="0.00902708"/>
    <Rectangle legende="c17" w="0.0131752" x="0.367589" y="0.612839" h="0.00902708"/>
    <Rectangle legende="c18" w="0.0118577" x="0.612648" y="0.192578" h="0.0130391"/>
    <Rectangle legende="c19" w="0.0118577" x="0.613307" y="0.205617" h="0.0100301"/>
    <Rectangle legende="c20" w="0.013834" x="0.611989" y="0.234704" h="0.0110331"/>
    <Rectangle legende="c21" w="0.0125165" x="0.611989" y="0.25677" h="0.00802407"/>
    <Rectangle legende="c22" w="0.0131752" x="0.611989" y="0.285858" h="0.00702106"/>
    <Rectangle legende="c23" w="0.0151515" x="0.610672" y="0.313942" h="0.0120361"/>
    <Rectangle legende="c24" w="0.0111989" x="0.613966" y="0.348044" h="0.0100301"/>
    <Rectangle legende="c25" w="0.00988142" x="0.614625" y="0.374122" h="0.0130391"/>
    <Rectangle legende="c26" w="0.0131752" x="0.613307" y="0.418255" h="0.0100301"/>
    <Rectangle legende="c27" w="0.0131752" x="0.612648" y="0.447342" h="0.0100301"/>
    <Rectangle legende="c28" w="0.0118577" x="0.613307" y="0.466399" h="0.00902708"/>
    <Rectangle legende="c29" w="0.0131752" x="0.612648" y="0.485456" h="0.00902708"/>
    <Rectangle legende="c30" w="0.0118577" x="0.614625" y="0.50652" h="0.00702106"/>
    <Rectangle legende="c31" w="0.0118577" x="0.614625" y="0.522568" h="0.00902708"/>
    <Rectangle legende="c32" w="0.0125165" x="0.613966" y="0.542628" h="0.00902708"/>
    <Rectangle legende="c33" w="0.0144928" x="0.613307" y="0.581745" h="0.0110331"/>
    <Rectangle legende="c34" w="0.0111989" x="0.614625" y="0.612839" h="0.00902708"/>
    <Rectangle legende="dix" w="0.0197628" x="0.0158103" y="0.72317" h="0.0190572"/>
    <Rectangle legende="onze" w="0.0204216" x="0.800395" y="0.72016" h="0.0190572"/>
    <Rectangle legende="zoneA" w="0.177207" x="0.0177866" y="0.726179" h="0.127382"/>
    <Rectangle legende="zoneB" w="0.181159" x="0.799736" y="0.721164" h="0.129388"/>
  </rectangles>
</CONSTAT_AXA>
