<?xml version="1.0" encoding="UTF-8"?>
<CONSTAT_AXA>
  <Date Date="28/02/2014"/>
  <Heure Heure="20h15"/>
  <Pays Pays="France"/>
  <Lieu Lieu="Borne"/>
  <Blesses Is_Blesses="no"/>
  <Degats>
    <Degats_voitures Is_Degats_sur_Voitures="no"/>
    <Degats_objets Is_Degats_sur_Objets="no"/>
  </Degats>
  <Circonstances>
    <Circonstance_Voiture_A numero_cases_cochees="1"/>
    <Circonstance_Voiture_B numero_cases_cochees="9"/>
  </Circonstances>
  <Zones_de_choc>
    <voiture_A zone="côté gauche "/>
    <voiture_B zone="côté gauche "/>
  </Zones_de_choc>
  <rectangles>
    <Rectangle w="0.0144928" x="0.0546772" y="0.0601805" h="0.0150451" legende="un"/>
    <Rectangle w="0.153491" x="0.0540184" y="0.0591775" h="0.0341023" legende="date"/>
    <Rectangle w="0.0665349" x="0.205534" y="0.0591775" h="0.0341023" legende="heure"/>
    <Rectangle w="0.013834" x="0.27668" y="0.0611835" h="0.0150451" legende="deux"/>
    <Rectangle w="0.106061" x="0.276021" y="0.0601805" h="0.0310933" legende="localisation"/>
    <Rectangle w="0.18643" x="0.38274" y="0.0591775" h="0.0371113" legende="lieu"/>
    <Rectangle w="0.0177866" x="0.57444" y="0.0601805" h="0.0150451" legende="trois"/>
    <Rectangle w="0.110013" x="0.57444" y="0.0591775" h="0.0341023" legende="blesses"/>
    <Rectangle w="0.0184453" x="0.0533597" y="0.0922768" h="0.0190572" legende="quatre"/>
    <Rectangle w="0.144269" x="0.0533597" y="0.0922768" h="0.0461384" legende="blessesV"/>
    <Rectangle w="0.162055" x="0.196311" y="0.0922768" h="0.0471414" legende="blessesO"/>
    <Rectangle w="0.0151515" x="0.379447" y="0.201605" h="0.0120361" legende="c1"/>
    <Rectangle w="0.0125165" x="0.381423" y="0.215647" h="0.0110331" legende="c2"/>
    <Rectangle w="0.013834" x="0.380105" y="0.242728" h="0.0120361" legende="c3"/>
    <Rectangle w="0.0131752" x="0.379447" y="0.260782" h="0.0110331" legende="c4"/>
    <Rectangle w="0.013834" x="0.379447" y="0.288867" h="0.0120361" legende="c5"/>
    <Rectangle w="0.0144928" x="0.378788" y="0.318957" h="0.0110331" legende="c6"/>
    <Rectangle w="0.0125165" x="0.380764" y="0.347041" h="0.0120361" legende="c7"/>
    <Rectangle w="0.0131752" x="0.379447" y="0.376128" h="0.0110331" legende="c8"/>
    <Rectangle w="0.0144928" x="0.378788" y="0.414243" h="0.0110331" legende="c9"/>
    <Rectangle w="0.0125165" x="0.380105" y="0.442327" h="0.0110331" legende="c10"/>
    <Rectangle w="0.013834" x="0.378788" y="0.458375" h="0.0140421" legende="c11"/>
    <Rectangle w="0.013834" x="0.378129" y="0.477432" h="0.0100301" legende="c12"/>
    <Rectangle w="0.013834" x="0.378788" y="0.495486" h="0.0100301" legende="c13"/>
    <Rectangle w="0.0125165" x="0.379447" y="0.511535" h="0.0120361" legende="c14"/>
    <Rectangle w="0.013834" x="0.378788" y="0.531595" h="0.0110331" legende="c15"/>
    <Rectangle w="0.0131752" x="0.378788" y="0.571715" h="0.00902708" legende="c16"/>
    <Rectangle w="0.0125165" x="0.378788" y="0.598796" h="0.00902708" legende="c17"/>
    <Rectangle w="0.013834" x="0.608696" y="0.204614" h="0.00902708" legende="c18"/>
    <Rectangle w="0.0144928" x="0.608037" y="0.214644" h="0.0110331" legende="c19"/>
    <Rectangle w="0.013834" x="0.608037" y="0.244734" h="0.00902708" legende="c20"/>
    <Rectangle w="0.0118577" x="0.609354" y="0.261785" h="0.0100301" legende="c21"/>
    <Rectangle w="0.0125165" x="0.609354" y="0.290873" h="0.00902708" legende="c22"/>
    <Rectangle w="0.0118577" x="0.610672" y="0.318957" h="0.0100301" legende="c23"/>
    <Rectangle w="0.0144928" x="0.606719" y="0.347041" h="0.0110331" legende="c24"/>
    <Rectangle w="0.0131752" x="0.608037" y="0.377131" h="0.00902708" legende="c25"/>
    <Rectangle w="0.013834" x="0.607378" y="0.415246" h="0.0130391" legende="c26"/>
    <Rectangle w="0.0131752" x="0.607378" y="0.44333" h="0.0120361" legende="c27"/>
    <Rectangle w="0.0111989" x="0.608696" y="0.461384" h="0.00902708" legende="c28"/>
    <Rectangle w="0.0131752" x="0.607378" y="0.479438" h="0.0100301" legende="c29"/>
    <Rectangle w="0.0151515" x="0.606719" y="0.497492" h="0.0100301" legende="c30"/>
    <Rectangle w="0.0131752" x="0.607378" y="0.514544" h="0.0110331" legende="c31"/>
    <Rectangle w="0.0125165" x="0.608037" y="0.532598" h="0.0110331" legende="c32"/>
    <Rectangle w="0.0118577" x="0.608696" y="0.571715" h="0.0110331" legende="c33"/>
    <Rectangle w="0.0125165" x="0.608037" y="0.597793" h="0.0100301" legende="c34"/>
    <Rectangle w="0.0191041" x="0.0520422" y="0.705115" h="0.0150451" legende="dix"/>
    <Rectangle w="0.0204216" x="0.785903" y="0.705115" h="0.0150451" legende="onze"/>
    <Rectangle w="0.161397" x="0.0520422" y="0.702106" h="0.122367" legende="zoneA"/>
    <Rectangle w="0.163373" x="0.785903" y="0.702106" h="0.127382" legende="zoneB"/>
  </rectangles>
</CONSTAT_AXA>
