<?xml version="1.0" encoding="UTF-8"?>
<CONSTAT_AXA>
  <Date Date="06/04/2013"/>
  <Heure Heure="16h25"/>
  <Pays Pays=""/>
  <Lieu Lieu="TARBES"/>
  <Blesses Is_Blesses="no"/>
  <Degats>
    <Degats_voitures Is_Degats_sur_Voitures="no"/>
    <Degats_objets Is_Degats_sur_Objets="no"/>
  </Degats>
  <Circonstances>
    <Circonstance_Voiture_A numero_cases_cochees="8;17"/>
    <Circonstance_Voiture_B numero_cases_cochees="1"/>
  </Circonstances>
  <Zones_de_choc>
    <voiture_A zone="avant"/>
    <voiture_B zone="arrière"/>
  </Zones_de_choc>
  <rectangles>
    <Rectangle w="0.013834" x="0.0125165" y="0.0270812" h="0.0150451" legende="un"/>
    <Rectangle w="0.160079" x="0.0118577" y="0.0250752" h="0.0330993" legende="date"/>
    <Rectangle w="0.0678524" x="0.172596" y="0.0240722" h="0.0330993" legende="heure"/>
    <Rectangle w="0.0158103" x="0.262846" y="0.0240722" h="0.0170512" legende="deux"/>
    <Rectangle w="0.113966" x="0.262187" y="0.0230692" h="0.0320963" legende="localisation"/>
    <Rectangle w="0.198287" x="0.376153" y="0.0230692" h="0.0341023" legende="lieu"/>
    <Rectangle w="0.016469" x="0.583004" y="0.0260782" h="0.0150451" legende="trois"/>
    <Rectangle w="0.0922266" x="0.582345" y="0.0270812" h="0.0290873" legende="blesses"/>
    <Rectangle w="0.0158103" x="0.0118577" y="0.0601805" h="0.0170512" legende="quatre"/>
    <Rectangle w="0.152833" x="0.0111989" y="0.0581745" h="0.0461384" legende="blessesV"/>
    <Rectangle w="0.173913" x="0.162714" y="0.0581745" h="0.0471414" legende="blessesO"/>
    <Rectangle w="0.0144928" x="0.359684" y="0.185557" h="0.00902708" legende="c1"/>
    <Rectangle w="0.0144928" x="0.360343" y="0.200602" h="0.0110331" legende="c2"/>
    <Rectangle w="0.013834" x="0.361001" y="0.230692" h="0.0120361" legende="c3"/>
    <Rectangle w="0.0131752" x="0.361001" y="0.250752" h="0.0100301" legende="c4"/>
    <Rectangle w="0.0144928" x="0.361001" y="0.278837" h="0.0150451" legende="c5"/>
    <Rectangle w="0.0131752" x="0.36166" y="0.311936" h="0.0110331" legende="c6"/>
    <Rectangle w="0.0118577" x="0.362319" y="0.342026" h="0.0120361" legende="c7"/>
    <Rectangle w="0.0144928" x="0.360343" y="0.369107" h="0.0120361" legende="c8"/>
    <Rectangle w="0.0125165" x="0.361001" y="0.406219" h="0.0110331" legende="c9"/>
    <Rectangle w="0.0131752" x="0.361001" y="0.432297" h="0.0100301" legende="c10"/>
    <Rectangle w="0.0125165" x="0.361001" y="0.452357" h="0.00902708" legende="c11"/>
    <Rectangle w="0.0131752" x="0.36166" y="0.470411" h="0.0120361" legende="c12"/>
    <Rectangle w="0.0125165" x="0.36166" y="0.489468" h="0.0100301" legende="c13"/>
    <Rectangle w="0.0125165" x="0.36166" y="0.508526" h="0.0110331" legende="c14"/>
    <Rectangle w="0.013834" x="0.361001" y="0.527583" h="0.00802407" legende="c15"/>
    <Rectangle w="0.013834" x="0.361001" y="0.559679" h="0.0100301" legende="c16"/>
    <Rectangle w="0.016469" x="0.359684" y="0.585757" h="0.0150451" legende="c17"/>
    <Rectangle w="0.016469" x="0.609354" y="0.184554" h="0.0130391" legende="c18"/>
    <Rectangle w="0.013834" x="0.610672" y="0.198596" h="0.0110331" legende="c19"/>
    <Rectangle w="0.013834" x="0.611989" y="0.229689" h="0.0120361" legende="c20"/>
    <Rectangle w="0.013834" x="0.611331" y="0.248746" h="0.0110331" legende="c21"/>
    <Rectangle w="0.0158103" x="0.610672" y="0.27984" h="0.0120361" legende="c22"/>
    <Rectangle w="0.013834" x="0.611331" y="0.310933" h="0.0120361" legende="c23"/>
    <Rectangle w="0.0151515" x="0.610672" y="0.343029" h="0.00902708" legende="c24"/>
    <Rectangle w="0.0131752" x="0.611989" y="0.369107" h="0.0110331" legende="c25"/>
    <Rectangle w="0.0131752" x="0.611331" y="0.406219" h="0.0110331" legende="c26"/>
    <Rectangle w="0.013834" x="0.610672" y="0.4333" h="0.0100301" legende="c27"/>
    <Rectangle w="0.013834" x="0.611989" y="0.452357" h="0.00802407" legende="c28"/>
    <Rectangle w="0.0131752" x="0.611331" y="0.470411" h="0.0120361" legende="c29"/>
    <Rectangle w="0.0158103" x="0.610672" y="0.490471" h="0.0100301" legende="c30"/>
    <Rectangle w="0.0131752" x="0.611989" y="0.508526" h="0.00902708" legende="c31"/>
    <Rectangle w="0.013834" x="0.612648" y="0.52658" h="0.00802407" legende="c32"/>
    <Rectangle w="0.0131752" x="0.611989" y="0.557673" h="0.0110331" legende="c33"/>
    <Rectangle w="0.013834" x="0.611989" y="0.584754" h="0.0120361" legende="c34"/>
    <Rectangle w="0.016469" x="0.013834" y="0.711133" h="0.0170512" legende="dix"/>
    <Rectangle w="0.0144928" x="0.804348" y="0.712136" h="0.0160481" legende="onze"/>
    <Rectangle w="0.171937" x="0.0151515" y="0.711133" h="0.130391" legende="zoneA"/>
    <Rectangle w="0.173913" x="0.80303" y="0.71013" h="0.130391" legende="zoneB"/>
  </rectangles>
</CONSTAT_AXA>
