<?xml version="1.0" encoding="UTF-8"?>
<CONSTAT_AXA>
  <Date Date="30/10/2014"/>
  <Heure Heure="5h"/>
  <Pays Pays=""/>
  <Lieu Lieu="Paray le Morial 71600"/>
  <Blesses Is_Blesses="no"/>
  <Degats>
    <Degats_voitures Is_Degats_sur_Voitures="no"/>
    <Degats_objets Is_Degats_sur_Objets="no"/>
  </Degats>
  <Circonstances>
    <Circonstance_Voiture_A numero_cases_cochees=""/>
    <Circonstance_Voiture_B numero_cases_cochees="15"/>
  </Circonstances>
  <Zones_de_choc>
    <voiture_A zone="tout le véhicule "/>
    <voiture_B zone=""/>
  </Zones_de_choc>
  <rectangles>
    <Rectangle w="0.0204216" x="0.0151515" y="0.0290873" h="0.0170512" legende="un"/>
    <Rectangle w="0.170619" x="0.0158103" y="0.0280843" h="0.0351053" legende="date"/>
    <Rectangle w="0.06917" x="0.185112" y="0.0280843" h="0.0330993" legende="heure"/>
    <Rectangle w="0.0191041" x="0.259552" y="0.0290873" h="0.0180542" legende="deux"/>
    <Rectangle w="0.117918" x="0.258893" y="0.0300903" h="0.0290873" legende="localisation"/>
    <Rectangle w="0.204875" x="0.373518" y="0.0290873" h="0.0320963" legende="lieu"/>
    <Rectangle w="0.0177866" x="0.588274" y="0.0290873" h="0.0170512" legende="trois"/>
    <Rectangle w="0.110013" x="0.588274" y="0.0290873" h="0.0320963" legende="blesses"/>
    <Rectangle w="0.0210804" x="0.0144928" y="0.0611835" h="0.0180542" legende="quatre"/>
    <Rectangle w="0.157444" x="0.0151515" y="0.0601805" h="0.0531595" legende="blessesV"/>
    <Rectangle w="0.177207" x="0.171278" y="0.0601805" h="0.0541625" legende="blessesO"/>
    <Rectangle w="0.0131752" x="0.372859" y="0.182548" h="0.00902708" legende="c1"/>
    <Rectangle w="0.0144928" x="0.372859" y="0.199599" h="0.0100301" legende="c2"/>
    <Rectangle w="0.0125165" x="0.373518" y="0.22668" h="0.0110331" legende="c3"/>
    <Rectangle w="0.0144928" x="0.372859" y="0.247743" h="0.0110331" legende="c4"/>
    <Rectangle w="0.0131752" x="0.373518" y="0.278837" h="0.0100301" legende="c5"/>
    <Rectangle w="0.0125165" x="0.372859" y="0.306921" h="0.0110331" legende="c6"/>
    <Rectangle w="0.0144928" x="0.3722" y="0.336008" h="0.00902708" legende="c7"/>
    <Rectangle w="0.0131752" x="0.373518" y="0.363089" h="0.0120361" legende="c8"/>
    <Rectangle w="0.0131752" x="0.373518" y="0.404213" h="0.0100301" legende="c9"/>
    <Rectangle w="0.0144928" x="0.3722" y="0.4333" h="0.00902708" legende="c10"/>
    <Rectangle w="0.013834" x="0.372859" y="0.454363" h="0.0110331" legende="c11"/>
    <Rectangle w="0.0131752" x="0.372859" y="0.47342" h="0.0100301" legende="c12"/>
    <Rectangle w="0.0118577" x="0.372859" y="0.49348" h="0.0100301" legende="c13"/>
    <Rectangle w="0.013834" x="0.3722" y="0.512538" h="0.0130391" legende="c14"/>
    <Rectangle w="0.0144928" x="0.371542" y="0.531595" h="0.0120361" legende="c15"/>
    <Rectangle w="0.013834" x="0.371542" y="0.571715" h="0.0110331" legende="c16"/>
    <Rectangle w="0.013834" x="0.371542" y="0.600802" h="0.0130391" legende="c17"/>
    <Rectangle w="0.0144928" x="0.620553" y="0.183551" h="0.0110331" legende="c18"/>
    <Rectangle w="0.0144928" x="0.620553" y="0.200602" h="0.0100301" legende="c19"/>
    <Rectangle w="0.0144928" x="0.620553" y="0.227683" h="0.0110331" legende="c20"/>
    <Rectangle w="0.013834" x="0.621212" y="0.249749" h="0.0100301" legende="c21"/>
    <Rectangle w="0.0131752" x="0.620553" y="0.278837" h="0.0110331" legende="c22"/>
    <Rectangle w="0.013834" x="0.620553" y="0.307924" h="0.0100301" legende="c23"/>
    <Rectangle w="0.0131752" x="0.620553" y="0.336008" h="0.0110331" legende="c24"/>
    <Rectangle w="0.0131752" x="0.620553" y="0.364092" h="0.0130391" legende="c25"/>
    <Rectangle w="0.013834" x="0.620553" y="0.404213" h="0.0100301" legende="c26"/>
    <Rectangle w="0.0158103" x="0.617918" y="0.434303" h="0.00902708" legende="c27"/>
    <Rectangle w="0.013834" x="0.618577" y="0.45336" h="0.0120361" legende="c28"/>
    <Rectangle w="0.0131752" x="0.619895" y="0.475426" h="0.00902708" legende="c29"/>
    <Rectangle w="0.0131752" x="0.618577" y="0.494483" h="0.0110331" legende="c30"/>
    <Rectangle w="0.0125165" x="0.619236" y="0.514544" h="0.0100301" legende="c31"/>
    <Rectangle w="0.0158103" x="0.61726" y="0.533601" h="0.0120361" legende="c32"/>
    <Rectangle w="0.0151515" x="0.615942" y="0.572718" h="0.0110331" legende="c33"/>
    <Rectangle w="0.0125165" x="0.618577" y="0.602808" h="0.0110331" legende="c34"/>
    <Rectangle w="0.0217391" x="0.0118577" y="0.72016" h="0.0190572" legende="dix"/>
    <Rectangle w="0.0217391" x="0.805665" y="0.72317" h="0.0180542" legende="onze"/>
    <Rectangle w="0.179842" x="0.0111989" y="0.72016" h="0.130391" legende="zoneA"/>
    <Rectangle w="0.183136" x="0.805665" y="0.721164" h="0.131394" legende="zoneB"/>
  </rectangles>
</CONSTAT_AXA>
