<?xml version="1.0" encoding="UTF-8"?>
<CONSTAT_AXA>
  <Date Date="08/04/2013"/>
  <Heure Heure="10h45"/>
  <Pays Pays=""/>
  <Lieu Lieu="PESSAC (33)"/>
  <Blesses Is_Blesses="no"/>
  <Degats>
    <Degats_voitures Is_Degats_sur_Voitures="no"/>
    <Degats_objets Is_Degats_sur_Objets="no"/>
  </Degats>
  <Circonstances>
    <Circonstance_Voiture_A numero_cases_cochees="5"/>
    <Circonstance_Voiture_B numero_cases_cochees="4;14"/>
  </Circonstances>
  <Zones_de_choc>
    <voiture_A zone="avant droit "/>
    <voiture_B zone="avant gauche"/>
  </Zones_de_choc>
  <rectangles>
    <Rectangle legende="un" w="0.0177866" x="0.0237154" y="0.0361083" h="0.0170512"/>
    <Rectangle legende="date" w="0.167325" x="0.0237154" y="0.0361083" h="0.0341023"/>
    <Rectangle legende="heure" w="0.0671937" x="0.190382" y="0.0381143" h="0.0290873"/>
    <Rectangle legende="deux" w="0.0171278" x="0.264163" y="0.0351053" h="0.0180542"/>
    <Rectangle legende="localisation" w="0.11726" x="0.262187" y="0.0351053" h="0.0320963"/>
    <Rectangle legende="lieu" w="0.198287" x="0.378788" y="0.0341023" h="0.0361083"/>
    <Rectangle legende="trois" w="0.0204216" x="0.586298" y="0.0341023" h="0.0200602"/>
    <Rectangle legende="blesses" w="0.088274" x="0.58498" y="0.0341023" h="0.0330993"/>
    <Rectangle legende="quatre" w="0.0184453" x="0.0243742" y="0.0692076" h="0.0170512"/>
    <Rectangle legende="blessesV" w="0.152174" x="0.0250329" y="0.0692076" h="0.0491474"/>
    <Rectangle legende="blessesO" w="0.174572" x="0.175231" y="0.0702106" h="0.0491474"/>
    <Rectangle legende="c1" w="0.0144928" x="0.374835" y="0.185557" h="0.0100301"/>
    <Rectangle legende="c2" w="0.0131752" x="0.376153" y="0.199599" h="0.0110331"/>
    <Rectangle legende="c3" w="0.0151515" x="0.374835" y="0.22668" h="0.0120361"/>
    <Rectangle legende="c4" w="0.0151515" x="0.375494" y="0.24674" h="0.0110331"/>
    <Rectangle legende="c5" w="0.013834" x="0.375494" y="0.275827" h="0.0100301"/>
    <Rectangle legende="c6" w="0.0151515" x="0.374835" y="0.304915" h="0.0100301"/>
    <Rectangle legende="c7" w="0.013834" x="0.376153" y="0.332999" h="0.0100301"/>
    <Rectangle legende="c8" w="0.0151515" x="0.374835" y="0.359077" h="0.0120361"/>
    <Rectangle legende="c9" w="0.0144928" x="0.375494" y="0.396189" h="0.0110331"/>
    <Rectangle legende="c10" w="0.013834" x="0.375494" y="0.424273" h="0.0120361"/>
    <Rectangle legende="c11" w="0.0131752" x="0.376153" y="0.445336" h="0.00902708"/>
    <Rectangle legende="c12" w="0.013834" x="0.375494" y="0.464393" h="0.0100301"/>
    <Rectangle legende="c13" w="0.0158103" x="0.374177" y="0.482447" h="0.0100301"/>
    <Rectangle legende="c14" w="0.013834" x="0.374835" y="0.502508" h="0.00902708"/>
    <Rectangle legende="c15" w="0.016469" x="0.374177" y="0.521565" h="0.0100301"/>
    <Rectangle legende="c16" w="0.0144928" x="0.374835" y="0.557673" h="0.0100301"/>
    <Rectangle legende="c17" w="0.0151515" x="0.374177" y="0.585757" h="0.0110331"/>
    <Rectangle legende="c18" w="0.0144928" x="0.619895" y="0.183551" h="0.0100301"/>
    <Rectangle legende="c19" w="0.0131752" x="0.620553" y="0.197593" h="0.0120361"/>
    <Rectangle legende="c20" w="0.0151515" x="0.619895" y="0.224674" h="0.0120361"/>
    <Rectangle legende="c21" w="0.0158103" x="0.620553" y="0.244734" h="0.0130391"/>
    <Rectangle legende="c22" w="0.0151515" x="0.619236" y="0.273821" h="0.0130391"/>
    <Rectangle legende="c23" w="0.0144928" x="0.620553" y="0.301906" h="0.0120361"/>
    <Rectangle legende="c24" w="0.013834" x="0.621212" y="0.331996" h="0.0100301"/>
    <Rectangle legende="c25" w="0.013834" x="0.620553" y="0.36008" h="0.0100301"/>
    <Rectangle legende="c26" w="0.0151515" x="0.621212" y="0.397192" h="0.0110331"/>
    <Rectangle legende="c27" w="0.013834" x="0.620553" y="0.424273" h="0.0120361"/>
    <Rectangle legende="c28" w="0.0131752" x="0.620553" y="0.444333" h="0.0120361"/>
    <Rectangle legende="c29" w="0.013834" x="0.620553" y="0.46339" h="0.0100301"/>
    <Rectangle legende="c30" w="0.0144928" x="0.620553" y="0.481444" h="0.0120361"/>
    <Rectangle legende="c31" w="0.0125165" x="0.621212" y="0.501505" h="0.0100301"/>
    <Rectangle legende="c32" w="0.0158103" x="0.619895" y="0.520562" h="0.0130391"/>
    <Rectangle legende="c33" w="0.013834" x="0.620553" y="0.558676" h="0.0100301"/>
    <Rectangle legende="c34" w="0.0144928" x="0.620553" y="0.585757" h="0.0110331"/>
    <Rectangle legende="dix" w="0.0204216" x="0.0237154" y="0.699097" h="0.0190572"/>
    <Rectangle legende="onze" w="0.0197628" x="0.8083" y="0.701103" h="0.0170512"/>
    <Rectangle legende="zoneA" w="0.174572" x="0.0243742" y="0.703109" h="0.122367"/>
    <Rectangle legende="zoneB" w="0.177866" x="0.809618" y="0.702106" h="0.12337"/>
  </rectangles>
</CONSTAT_AXA>
